,formulation,chain_strength,embedding,chain_breaks,chain_breaks_err,opt_fraction,embedding_fixed,chain_breaks_fixed,chain_breaks_err_fixed,opt_fraction_fixed,c1,c2
0,l,1,"{'x_0_1': [1829, 1825], 'x_1_1': [1827, 1699], 's_0_1_1': [1831], 't_0': [1828], 'x_0_2': [1822, 1824, 1830], 'x_0_3': [1698, 1826], 'x_1_2': [1696, 1700], 's_0_1_2': [1692, 1690, 1818], 'x_1_3': [1702, 1697], 's_0_1_3': [1703], 't_1': [1701], 'x_2_1': [598], 't_2': [594, 597], 'x_2_2': [596, 593], 'x_2_3': [595]}",0.0,0.0,0.674,,,,,1.0,1.0
1,l,1,"{'x_0_1': [1651, 1779], 'x_1_1': [1655, 1647], 's_0_1_1': [1649, 1653], 't_0': [1783, 1778], 'x_0_2': [1782, 1769, 1774], 'x_0_3': [1781, 1773], 'x_1_2': [1640, 1768], 's_0_1_2': [1772], 'x_1_3': [1775, 1642, 1770], 's_0_1_3': [1771], 't_1': [1643, 1645], 'x_2_1': [1364, 1363], 't_2': [1360, 1366], 'x_2_2': [1365], 'x_2_3': [1362]}",0.0002442002442002442,0.004027453602556933,0.44,,,,,1.0,2.0
2,l,1,"{'x_0_1': [1349, 1357], 'x_1_1': [1345, 1350], 's_0_1_1': [1347], 't_0': [1352], 'x_0_2': [1359, 1353, 1481], 'x_0_3': [1354, 1358], 'x_1_2': [1351, 1346], 's_0_1_2': [1484, 1476, 1474], 'x_1_3': [1356, 1348], 's_0_1_3': [1355], 't_1': [1344], 'x_2_1': [1220, 1218], 't_2': [1219], 'x_2_2': [1223, 1217], 'x_2_3': [1221]}",0.0005747126436781609,0.006163106491243454,0.195,,,,,1.0,5.0
3,l,1,"{'x_0_1': [1811, 1939, 1941], 'x_1_1': [1932, 1933, 1931], 's_0_1_1': [1940], 't_0': [1808, 1813], 'x_0_2': [1809, 1937], 'x_0_3': [1806, 1814], 'x_1_2': [1942, 1934], 's_0_1_2': [1943, 1936], 'x_1_3': [1935, 1928, 1800], 's_0_1_3': [1805, 1802], 't_1': [1929], 'x_2_1': [1645, 1643], 't_2': [1640], 'x_2_2': [1646, 1641], 'x_2_3': [1647]}",0.0,0.0,0.579,,,,,2.0,1.0
4,l,1,"{'x_0_1': [848, 845, 853], 'x_1_1': [843, 844], 's_0_1_1': [852], 't_0': [980, 976], 'x_0_2': [850, 978], 'x_0_3': [983, 970, 842, 975], 'x_1_2': [847, 855], 's_0_1_2': [849, 854], 'x_1_3': [841, 846], 's_0_1_3': [969], 't_1': [840], 'x_2_1': [1340], 't_2': [1343, 1337], 'x_2_2': [1341, 1338], 'x_2_3': [1336]}",0.0,0.0,0.391,,,,,2.0,2.0
5,l,1,"{'x_0_1': [1088, 1216], 'x_1_1': [1095, 1089], 's_0_1_1': [1092], 't_0': [1221], 'x_0_2': [1223, 1219], 'x_0_3': [1220, 1217], 'x_1_2': [1101, 1091, 1093], 's_0_1_2': [1098, 1231, 1226], 'x_1_3': [1218, 1090], 's_0_1_3': [1222], 't_1': [1094], 'x_2_1': [1005], 't_2': [1007, 1003], 'x_2_2': [1006, 1002], 'x_2_3': [1001]}",0.0,0.0,0.328,,,,,2.0,5.0
6,l,1,"{'x_0_1': [666, 794], 'x_1_1': [793, 798], 's_0_1_1': [799], 't_0': [663, 671], 'x_0_2': [669, 665], 'x_0_3': [668, 658, 660], 'x_1_2': [667, 795], 's_0_1_2': [670], 'x_1_3': [786, 797, 789], 's_0_1_3': [659, 787], 't_1': [796, 792], 'x_2_1': [1477, 1472], 't_2': [1473, 1479], 'x_2_2': [1474], 'x_2_3': [1476]}",0.0,0.0,0.173,,,,,5.0,1.0
7,l,1,"{'x_0_1': [1434, 1306], 'x_1_1': [1302, 1310], 's_0_1_1': [1308, 1304], 't_0': [1437, 1432], 'x_0_2': [1430, 1438], 'x_0_3': [1439, 1433], 'x_1_2': [1298, 1426], 's_0_1_2': [1429, 1424], 'x_1_3': [1305, 1303, 1311], 's_0_1_3': [1307, 1435], 't_1': [1299, 1300], 'x_2_1': [351, 346], 't_2': [347], 'x_2_2': [349], 'x_2_3': [348, 345]}",0.00015255530129672007,0.003185448210193913,0.158,,,,,5.0,2.0
8,l,1,"{'x_0_1': [187, 189], 'x_1_1': [185, 313], 's_0_1_1': [188], 't_0': [191, 186], 'x_0_2': [179, 190, 182], 'x_0_3': [312, 184], 'x_1_2': [307, 319, 311], 's_0_1_2': [306, 178], 'x_1_3': [318, 314], 's_0_1_3': [317], 't_1': [315, 316], 'x_2_1': [1702, 1696], 't_2': [1703, 1697], 'x_2_2': [1701], 'x_2_3': [1699]}",0.0003418803418803419,0.004761842146045853,0.445,,,,,5.0,5.0
9,l,1,"{'x_0_1': [1388, 1385, 1270, 1262, 1257], 'x_3_1': [1265, 1621, 1629, 1637, 1645, 1393, 1521, 1649, 1653], 's_0_3_1': [1396], 'x_7_1': [1269, 1261, 1253], 's_0_7_1': [1256], 'x_8_1': [1389, 1642, 1517, 1386, 1514], 's_0_8_1': [1513], 't_0': [1258, 1260], 'x_0_2': [1380, 1252, 1249, 1372, 1377], 'x_0_3': [1255, 1263, 1271, 1279, 1273, 1401, 1535, 1529], 'x_3_2': [1502, 1630, 1755, 1627, 1499, 1375, 1371], 's_0_3_2': [1369], 'x_7_2': [1245, 1368, 1246, 1240], 's_0_7_2': [1244], 'x_8_2': [1509, 1382, 1507, 1383, 1379], 's_0_8_2': [1251], 'x_3_3': [1634, 1657, 1628, 1660, 1652, 1644, 1636], 's_0_3_3': [1658, 1530], 'x_7_3': [1626, 1498, 1250, 1378, 1242, 1370, 1373, 1381], 's_0_7_3': [1247], 'x_8_3': [1531, 1403, 1391, 1399, 1659, 1407], 's_0_8_3': [1267, 1395], 'x_2_1': [1522, 1519, 1527], 's_2_3_1': [1650], 'x_5_1': [1737, 1874, 1618, 1746, 1742, 1750], 's_3_5_1': [1617, 1620], 's_3_7_1': [1268, 1264], 's_3_8_1': [1525], 't_3': [1625], 'x_2_2': [1504, 1518, 1511, 1510, 1505], 's_2_3_2': [1503], 'x_5_2': [1752, 1757, 1749, 2000, 1872, 1744], 's_3_5_2': [1758], 's_3_7_2': [1243], 's_3_8_2': [1374], 'x_2_3': [1643, 1387, 1520, 1524, 1515, 1516], 's_2_3_3': [1648], 'x_5_3': [2019, 1751, 1891, 1763, 1767, 1762, 1759], 's_3_5_3': [1635], 's_3_7_3': [1506], 's_3_8_3': [1661], 't_7': [1248, 1254], 's_2_8_1': [1512], 't_8': [1384, 1390], 's_2_8_2': [1376], 's_2_8_3': [1392], 't_2': [1523, 1526], 'x_6_1': [2002, 2007], 's_5_6_1': [1736, 1999, 1992, 1864], 'x_9_1': [1886, 1870, 1875, 1878], 's_5_9_1': [1865], 't_5': [1747], 'x_6_2': [2004, 2001], 's_5_6_2': [2005], 'x_9_2': [1885, 1873, 1877], 's_5_9_2': [1745], 'x_6_3': [2018, 2006, 2014, 2022], 's_5_6_3': [2021], 'x_9_3': [1895, 1881, 1887], 's_5_9_3': [1753], 't_6': [2003], 'x_4_1': [1882, 1884], 's_4_9_1': [1876], 't_9': [1879], 'x_4_2': [2023, 1880, 2015, 2008], 's_4_9_2': [2011, 1883], 'x_4_3': [1892, 2012, 2020, 1889, 2017], 's_4_9_3': [1888], 't_4': [2010], 'x_1_1': [616], 't_1': [618, 622], 'x_1_2': [619, 623], 'x_1_3': [621]}",9.58904109589041e-05,0.0011420911971010798,0.003,,,,,1.0,1.0
10,l,1,"{'x_0_1': [1254, 1248, 1376], 'x_3_1': [1509, 1382, 994, 1122, 1506, 1378, 1250], 's_0_3_1': [1253], 'x_7_1': [1121, 1135, 1120, 1127], 's_0_7_1': [1249], 'x_8_1': [1643, 1383, 1391, 1387, 1515], 's_0_8_1': [1380, 1388], 't_0': [1241, 1246], 'x_0_2': [1271, 1247, 1263, 1255], 'x_0_3': [1496, 1368, 1243, 1240, 1252, 1244], 'x_3_2': [995, 1123, 1251, 1397, 1389, 1381, 1379], 's_0_3_2': [1242, 1373, 1370], 'x_7_2': [1386, 1262, 1133, 1258, 1130], 's_0_7_2': [1259], 'x_8_2': [1651, 1523, 1267, 1399, 1652, 1395], 's_0_8_2': [1270, 1265], 'x_3_3': [1260, 1511, 1519, 1000, 1512, 1384, 1256, 1128], 's_0_3_3': [1503], 'x_7_3': [1112, 1132, 1116, 1124], 's_0_7_3': [1115], 'x_8_3': [1641, 1513, 1502, 1510, 1518, 1520, 1526], 's_0_8_3': [1500, 1499], 'x_2_1': [1524, 1522, 1390, 1398, 1394], 's_2_3_1': [1508, 1516], 'x_5_1': [992, 1004, 1015, 999, 1007, 1002], 's_3_5_1': [996], 's_3_7_1': [1126], 's_3_8_1': [1377], 't_3': [1507], 'x_2_2': [1392, 1396, 1401, 1404], 's_2_3_2': [1405], 'x_5_2': [997, 766, 993, 865, 737, 758, 750, 742], 's_3_5_2': [998], 's_3_7_2': [1125], 's_3_8_2': [1393], 'x_2_3': [1403, 1531, 1533, 1517, 1525], 's_2_3_3': [1514], 'x_5_3': [1005, 1014, 1013, 1011], 's_3_5_3': [1006], 's_3_7_3': [1134, 1129], 's_3_8_3': [1527], 't_7': [1131], 's_2_8_1': [1385], 't_8': [1644], 's_2_8_2': [1407], 's_2_8_3': [1521], 't_2': [1406], 'x_6_1': [1023, 1017, 889], 's_5_6_1': [1012, 1020], 'x_9_1': [870, 878, 874], 's_5_9_1': [864], 't_5': [752, 1008, 880], 'x_6_2': [761, 765, 763], 's_5_6_2': [762], 'x_9_2': [876, 744, 872], 's_5_9_2': [868], 'x_6_3': [760, 1022, 888, 1016], 's_5_6_3': [1021], 'x_9_3': [881, 877, 883, 885], 's_5_9_3': [1009], 't_6': [893, 891], 'x_4_1': [746, 745, 757, 749], 's_4_9_1': [873], 't_9': [875], 'x_4_2': [747, 759, 751], 's_4_9_2': [748], 'x_4_3': [882, 754], 's_4_9_3': [886], 't_4': [753, 756], 'x_1_1': [1136, 1140], 't_1': [1143], 'x_1_2': [1142, 1138], 'x_1_3': [1139]}",0.000136986301369863,0.0013629964891871506,0.001,,,,,1.0,2.0
11,l,1,"{'x_0_1': [1880, 1739, 1743, 1752, 1751, 1759], 'x_3_1': [1755, 1627, 1625, 1496, 1624, 1637, 1629], 's_0_3_1': [1758], 'x_7_1': [1874, 1881, 1876, 1883, 1884], 's_0_7_1': [1885], 'x_8_1': [1490, 1628, 1746, 1610, 1612, 1618, 1620], 's_0_8_1': [1738], 't_0': [1741], 'x_0_2': [1728, 1732, 1740, 1865, 1737], 'x_0_3': [1756, 1749, 1747, 1748, 1744], 'x_3_2': [1510, 1502, 1494, 1730, 1858, 1602, 1474, 1486, 1478], 's_0_3_2': [1733], 'x_7_2': [1863, 1869, 1871, 1868, 1867], 's_0_7_2': [1870], 'x_8_2': [1600, 1603, 1609, 1615, 1607], 's_0_8_2': [1731], 'x_3_3': [1370, 1882, 1501, 1498, 1754, 1626], 's_0_3_3': [1757], 'x_7_3': [1886, 1879, 1878, 1875], 's_0_7_3': [1872], 'x_8_3': [1631, 1622, 1491, 1621, 1619, 1623], 's_0_8_3': [1616], 'x_2_1': [1479, 1487, 1503, 1495], 's_2_3_1': [1499], 'x_5_1': [1376, 1504, 1251, 1632, 1379, 1383], 's_3_5_1': [1507, 1635], 's_3_7_1': [1753], 's_3_8_1': [1636, 1634], 't_3': [1497], 'x_2_2': [1477, 1472], 's_2_3_2': [1481, 1485], 'x_5_2': [1125, 1122, 1508, 1255, 1250, 1378, 1506], 's_3_5_2': [1505], 's_3_7_2': [1861], 's_3_8_2': [1605], 'x_2_3': [1500, 1476, 1484, 1492, 1489], 's_2_3_3': [1493], 'x_5_3': [1371, 1386, 1373, 1368, 1374, 1390, 1382], 's_3_5_3': [1372], 's_3_7_3': [1887], 's_3_8_3': [1630], 't_7': [1877], 's_2_8_1': [1482], 't_8': [1613], 's_2_8_2': [1475], 's_2_8_3': [1617], 't_2': [1473], 'x_6_1': [1254, 1246], 's_5_6_1': [1248], 'x_9_1': [1515, 1388, 1387, 1391], 's_5_9_1': [1380], 't_5': [1381], 'x_6_2': [1113, 1247, 1241], 's_5_6_2': [1117], 'x_9_2': [1516, 1257, 1513, 1518, 1385], 's_5_9_2': [1263], 'x_6_3': [1244, 1243], 's_5_6_3': [1245, 1240], 'x_9_3': [1512, 1270, 1262, 1384, 1256], 's_5_9_3': [1258], 't_6': [1242], 'x_4_1': [1395, 1399], 's_4_9_1': [1396], 't_9': [1519], 'x_4_2': [1522, 1389, 1397, 1394], 's_4_9_2': [1526], 'x_4_3': [1266, 1267, 1271], 's_4_9_3': [1264], 't_4': [1265, 1393], 'x_1_1': [1048], 't_1': [1054], 'x_1_2': [1049, 1053], 'x_1_3': [1055, 1051]}",0.0001917808219178082,0.0016094578786547413,0.001,,,,,1.0,5.0
12,l,1,"{'x_0_1': [1171, 1177, 1176, 1173, 1048, 1181], 'x_3_1': [1191, 1183, 1441, 1446, 1313, 1061, 1057, 1185], 's_0_3_1': [1189], 'x_7_1': [1175, 1167, 1291, 1163], 's_0_7_1': [1165], 'x_8_1': [1432, 1304, 1315, 1319, 1311], 's_0_8_1': [1305], 't_0': [1054], 'x_0_2': [1046, 1188, 1180, 1040, 1168, 1172], 'x_0_3': [1032, 1055, 1049, 1039, 1047], 'x_3_2': [1182, 1439, 923, 1051, 1179, 1307, 1435], 's_0_3_2': [1174], 'x_7_2': [1294, 1426, 1170, 1302, 1431, 1298], 's_0_7_2': [1296], 'x_8_2': [1308, 1440, 1316, 1190, 1184, 1445, 1312], 's_0_8_2': [1186], 'x_3_3': [1289, 1050, 1053, 1045, 1161, 1033, 1037], 's_0_3_3': [1052], 'x_7_3': [1044, 1297, 1169, 1041], 's_0_7_3': [1042], 'x_8_3': [1317, 1309, 1301, 1034, 1162, 1290, 1293], 's_0_8_3': [1038], 'x_2_1': [1444, 1436, 1428], 's_2_3_1': [1442], 'x_5_1': [929, 806, 932, 802, 930], 's_3_5_1': [1058], 's_3_7_1': [1419, 1422, 1438, 1430], 's_3_8_1': [1187], 't_3': [1178], 'x_2_2': [1424, 1437, 1434, 1429], 's_2_3_2': [1433], 'x_5_2': [920, 918, 934, 926], 's_3_5_2': [925], 's_3_7_2': [1310], 's_3_8_2': [1447], 'x_2_3': [1292, 1420, 1416, 1421, 1288], 's_2_3_3': [1417], 'x_5_3': [1043, 943, 935, 913, 919, 915, 927], 's_3_5_3': [922], 's_3_7_3': [1035, 1036], 's_3_8_3': [1164], 't_7': [1295, 1303], 's_2_8_1': [1443], 't_8': [1314], 's_2_8_2': [1306], 's_2_8_3': [1418], 't_2': [1427, 1299, 1300], 'x_6_1': [804, 811, 812], 's_5_6_1': [814], 'x_9_1': [798, 799, 792], 's_5_9_1': [807], 't_5': [931], 'x_6_2': [941, 810, 942, 938], 's_5_6_2': [928, 933], 'x_9_2': [914, 784, 791, 658, 786], 's_5_9_2': [912], 'x_6_3': [940, 808, 936], 's_5_6_3': [937], 'x_9_3': [657, 787, 785, 797, 789], 's_5_9_3': [793, 921], 't_6': [815], 'x_4_1': [669, 794, 666], 's_4_9_1': [796], 't_9': [790], 'x_4_2': [670, 656, 662], 's_4_9_2': [660], 'x_4_3': [671, 663], 's_4_9_3': [659], 't_4': [665], 'x_1_1': [82, 87], 't_1': [86], 'x_1_2': [81], 'x_1_3': [80, 85]}",0.0001232876712328767,0.001293704896331276,0.002,,,,,2.0,1.0
13,l,1,"{'x_0_1': [419, 803, 675, 547], 'x_3_1': [414, 422, 423, 417, 929, 801, 673, 545], 's_0_3_1': [420], 'x_7_1': [802, 820, 813, 810, 804, 812], 's_0_7_1': [805], 'x_8_1': [543, 549, 416, 551, 544], 's_0_8_1': [421], 't_0': [674, 679], 'x_0_2': [677, 693, 434, 562, 685, 690], 'x_0_3': [681, 692, 676, 684], 'x_3_2': [433, 430, 438, 441, 425, 446], 's_0_3_2': [439], 'x_7_2': [432, 816, 688, 560], 's_0_7_2': [437], 'x_8_2': [561, 296, 424, 567, 559, 552], 's_0_8_2': [565], 'x_3_3': [811, 427, 555, 678, 686, 683], 's_0_3_3': [672], 'x_7_3': [817, 694, 689], 's_0_7_3': [691], 'x_8_3': [546, 550, 554, 553, 558], 's_0_8_3': [682], 'x_2_1': [537, 281, 409], 's_2_3_1': [415], 'x_5_1': [934, 1075, 947, 942, 958, 950], 's_3_5_1': [935, 931], 's_3_7_1': [806], 's_3_8_1': [408, 536], 't_3': [431], 'x_2_2': [284, 292, 300, 435, 307, 308], 's_2_3_2': [305], 'x_5_2': [442, 570, 698, 826, 954, 957], 's_3_5_2': [445], 's_3_7_2': [436], 's_3_8_2': [428], 'x_2_3': [290, 285, 293, 426, 298, 299, 301], 's_2_3_3': [429], 'x_5_3': [815, 808, 949, 941, 936], 's_3_5_3': [680], 's_3_7_3': [695, 687], 's_3_8_3': [556], 't_7': [821], 's_2_8_1': [541], 't_8': [557], 's_2_8_2': [563], 's_2_8_3': [418], 't_2': [280, 286], 'x_6_1': [1077, 1085], 's_5_6_1': [953, 1081], 'x_9_1': [1078, 1067, 1070], 's_5_9_1': [1066, 938], 't_5': [819, 831, 823], 'x_6_2': [1084, 952, 1080], 's_5_6_2': [828, 824], 'x_9_2': [1207, 1200, 1072, 944, 959, 951], 's_5_9_2': [955], 'x_6_3': [946, 1074, 1073, 1082, 1087, 1079], 's_5_6_3': [945], 'x_9_3': [1076, 1068, 1193, 937, 1065], 's_5_9_3': [940], 't_6': [1083], 'x_4_1': [1064, 1192], 's_4_9_1': [1071], 't_9': [943, 939], 'x_4_2': [1195, 1204, 1196], 's_4_9_2': [1203], 'x_4_3': [1199, 1194], 's_4_9_3': [1198], 't_4': [1197], 'x_1_1': [837, 832], 't_1': [833], 'x_1_2': [835, 836], 'x_1_3': [839]}",9.58904109589041e-05,0.0011420911971010798,0.001,,,,,2.0,2.0
14,l,1,"{'x_0_1': [1892, 1874, 1876, 1884], 'x_3_1': [1499, 1509, 1501, 1875, 1747, 1619, 1491, 1493], 's_0_3_1': [1878], 'x_7_1': [1872, 1895, 1887, 1879], 's_0_7_1': [1881], 'x_8_1': [1873, 1745, 1617, 1489, 1508, 1500, 1492], 's_0_8_1': [1877], 't_0': [1883, 1755], 'x_0_2': [1765, 2015, 2008, 1880, 1757, 1752], 'x_0_3': [1759, 1767, 1775, 1768, 1896, 1900], 'x_3_2': [1634, 1641, 1769, 1772, 1764, 1890, 1506, 1762], 's_0_3_2': [1756], 'x_7_2': [1893, 1891, 2019, 2023], 's_0_7_2': [1885], 'x_8_2': [1626, 1754, 1761, 1750, 1766, 1758], 's_0_8_2': [1753], 'x_3_3': [1770, 1504, 1642, 1632, 1628, 1636, 1644], 's_0_3_3': [1773], 'x_7_3': [1898, 1902, 1888, 1894], 's_0_7_3': [1899], 'x_8_3': [1507, 1645, 1763, 1635, 1637], 's_0_8_3': [1640], 'x_2_1': [1621, 1616], 's_2_3_1': [1620], 'x_5_1': [1371, 1404, 1396, 1372, 1380, 1388], 's_3_5_1': [1368, 1496], 's_3_7_1': [1748, 1744], 's_3_8_1': [1749], 't_3': [1502, 1510], 'x_2_2': [1618, 1623, 1639, 1631], 's_2_3_2': [1647], 'x_5_2': [1513, 1385, 1398, 1257, 1395, 1390], 's_3_5_2': [1378, 1382], 's_3_7_2': [2018], 's_3_8_2': [1774], 'x_2_3': [1629, 1630, 1625], 's_2_3_3': [1627], 'x_5_3': [1260, 1514, 1258, 1519, 1386], 's_3_5_3': [1511], 's_3_7_3': [1760], 's_3_8_3': [1643], 't_7': [2017, 1889], 's_2_8_1': [1488], 't_8': [1505, 1633], 's_2_8_2': [1746], 's_2_8_3': [1638], 't_2': [1622], 'x_6_1': [1397, 1522, 1394], 's_5_6_1': [1392], 'x_9_1': [1276, 1400, 1144, 1272], 's_5_9_1': [1402, 1406], 't_5': [1387, 1391], 'x_6_2': [1393, 1521], 's_5_6_2': [1524, 1516], 'x_9_2': [1267, 1279, 1271], 's_5_9_2': [1263], 'x_6_3': [1523, 1518, 1526], 's_5_6_3': [1527], 'x_9_3': [1265, 1277, 1261, 1269], 's_5_9_3': [1259], 't_6': [1525], 'x_4_1': [1151, 1147], 's_4_9_1': [1150], 't_9': [1274], 'x_4_2': [1273, 1275, 1270, 1278], 's_4_9_2': [1266], 'x_4_3': [1149, 1143, 1264, 1141, 1136], 's_4_9_3': [1268], 't_4': [1145], 'x_1_1': [1994], 't_1': [1996], 'x_1_2': [1992, 1998], 'x_1_3': [1993, 1997]}",0.0001095890410958904,0.0012203319151408267,0.001,,,,,2.0,5.0
15,l,1,"{'x_0_1': [223, 199, 207, 215], 'x_3_1': [453, 66, 578, 450, 197, 194, 322], 's_0_3_1': [195], 'x_7_1': [198, 206, 214, 222, 89, 217], 's_0_7_1': [209], 'x_8_1': [196, 334, 328, 204, 200], 's_0_8_1': [202], 't_0': [210, 82], 'x_0_2': [79, 87, 80, 208], 'x_0_3': [212, 211, 339, 467, 595, 596], 'x_3_2': [587, 459, 331, 203, 75, 76, 68, 60], 's_0_3_2': [72], 'x_7_2': [88, 77, 85, 93], 's_0_7_2': [81], 'x_8_2': [201, 336, 343, 335, 457, 329], 's_0_8_2': [73], 'x_3_3': [576, 574, 606, 598, 582, 590], 's_0_3_3': [593], 'x_7_3': [91, 604, 219, 347, 475, 603], 's_0_7_3': [220], 'x_8_3': [597, 589, 591, 330, 458, 586], 's_0_8_3': [592], 'x_2_1': [320, 326], 's_2_3_1': [327], 'x_5_1': [432, 304, 189, 181, 176], 's_3_5_1': [437, 445], 's_3_7_1': [193], 's_3_8_1': [205], 't_3': [588, 580], 'x_2_2': [460, 452, 321, 455, 449], 's_2_3_2': [463], 'x_5_2': [52, 309, 308, 51, 179, 307], 's_3_5_2': [55, 56, 63], 's_3_7_2': [74], 's_3_8_2': [462], 'x_2_3': [323, 583, 579, 451], 's_2_3_3': [577], 'x_5_3': [306, 571, 443, 444, 436, 434], 's_3_5_3': [442, 570], 's_3_7_3': [602], 's_3_8_3': [594], 't_7': [94], 's_2_8_1': [192], 't_8': [333], 's_2_8_2': [461, 456], 's_2_8_3': [581], 't_2': [324], 'x_6_1': [184, 319, 312], 's_5_6_1': [311], 'x_9_1': [426, 554, 558, 560, 566], 's_5_9_1': [439, 431], 't_5': [178, 180], 'x_6_2': [314, 317], 's_5_6_2': [316], 'x_9_2': [300, 683, 556, 552, 299, 555, 427], 's_5_9_2': [301], 'x_6_3': [310, 318], 's_5_6_3': [441, 313], 'x_9_3': [561, 567, 562, 564], 's_5_9_3': [575], 't_6': [315], 'x_4_1': [692, 682, 684], 's_4_9_1': [688], 't_9': [559], 'x_4_2': [695, 687], 's_4_9_2': [680], 'x_4_3': [693, 689], 's_4_9_3': [690], 't_4': [691], 'x_1_1': [1245, 1240], 't_1': [1247], 'x_1_2': [1244, 1241], 'x_1_3': [1243]}",0.000136986301369863,0.0013629964891871504,0.001,,,,,5.0,1.0
16,l,1,"{'x_0_1': [1384, 1523, 1524, 1512, 1516], 'x_3_1': [1374, 1398, 1377, 1390, 1376, 1382], 's_0_3_1': [1395], 'x_7_1': [1511, 1508, 1632, 1504], 's_0_7_1': [1519], 'x_8_1': [1403, 1405, 1385, 1397, 1389], 's_0_8_1': [1513], 't_0': [1650, 1522], 'x_0_2': [1656, 1648, 1640, 1646, 1662, 1654], 'x_0_3': [1515, 1510, 1518, 1264, 1392, 1520, 1526], 'x_3_2': [1121, 1127, 1645, 1123, 1251, 1379, 1507, 1635, 1637], 's_0_3_2': [1642], 'x_7_2': [1633, 1647, 1639], 's_0_7_2': [1655], 'x_8_2': [1124, 1132, 1148, 1657, 1529, 1401, 1273, 1140, 1145], 's_0_8_2': [1660], 'x_3_3': [1266, 1126, 1120, 1271, 1263, 1248, 1255], 's_0_3_3': [1268], 'x_7_3': [1509, 1250, 1378, 1634, 1506], 's_0_7_3': [1517], 'x_8_3': [1399, 1137, 1270, 1393, 1265], 's_0_8_3': [1396], 'x_2_1': [1130, 1386, 1258], 's_2_3_1': [1387, 1388], 'x_5_1': [1369, 1241, 1113, 985, 857, 729, 601], 's_3_5_1': [1372, 1380], 's_3_7_1': [1505], 's_3_8_1': [1381], 't_3': [1249], 'x_2_2': [1141, 1131, 1125, 1133], 's_2_3_2': [1122], 'x_5_2': [995, 867, 708, 739, 716, 740, 724, 732], 's_3_5_2': [737, 865, 993], 's_3_7_2': [1643], 's_3_8_2': [1653, 1661], 'x_2_3': [1136, 1129, 1134, 1142], 's_2_3_3': [1257], 'x_5_3': [1118, 1105, 1110, 977, 593, 721, 849], 's_3_5_3': [1233, 1247, 1239, 1235], 's_3_7_3': [1253], 's_3_8_3': [1394], 't_7': [1638], 's_2_8_1': [1391], 't_8': [1407], 's_2_8_2': [1149], 's_2_8_3': [1143], 't_2': [1135], 'x_6_1': [607, 583, 591, 599], 's_5_6_1': [606, 603], 'x_9_1': [860, 850, 848, 844, 852], 's_5_9_1': [861, 853], 't_5': [728, 856, 984, 983, 991], 'x_6_2': [706, 578], 's_5_6_2': [707, 711], 'x_9_2': [735, 720, 719, 727], 's_5_9_2': [730], 'x_6_3': [592, 596, 580, 588], 's_5_6_3': [598], 'x_9_3': [726, 854, 723, 851], 's_5_9_3': [855], 't_6': [579, 581], 'x_4_1': [845, 714, 842], 's_4_9_1': [843], 't_9': [722], 'x_4_2': [841, 717, 713], 's_4_9_2': [715], 'x_4_3': [846, 712, 840], 's_4_9_3': [718], 't_4': [847], 'x_1_1': [1572], 't_1': [1569], 'x_1_2': [1570, 1575], 'x_1_3': [1574, 1571]}",0.0001506849315068493,0.001428800614272761,0.001,,,,,5.0,2.0
17,l,1,"{'x_0_1': [1185, 1313, 1446, 1439, 1447, 1441], 'x_3_1': [1175, 1326, 1318, 1310, 1183, 1178, 1306], 's_0_3_1': [1434], 'x_7_1': [1433, 1305], 's_0_7_1': [1438], 'x_8_1': [1199, 1455, 1450, 1194, 1322], 's_0_8_1': [1454], 't_0': [1435], 'x_0_2': [1436, 1432, 1180, 1176, 1309, 1304], 'x_0_3': [1307, 1179, 1057, 1060, 1052, 1051], 'x_3_2': [1169, 1205, 1197, 1189, 1173, 1181], 's_0_3_2': [1172], 'x_7_2': [1187, 1440, 1315, 1437, 1445, 1443], 's_0_7_2': [1444], 'x_8_2': [1317, 1333, 1196, 1193, 1325, 1321], 's_0_8_2': [1188], 'x_3_3': [1063, 1058, 1186, 1166, 1174, 1182, 1190], 's_0_3_3': [1055], 'x_7_3': [1184, 1311, 1319, 1312], 's_0_7_3': [1056], 'x_8_3': [1067, 1065, 1062, 1066, 1070], 's_0_8_3': [1054], 'x_2_1': [1335, 1320, 1327], 's_2_3_1': [1328, 1334], 'x_5_1': [1033, 1036, 1170, 1042, 1044], 's_3_5_1': [1302, 1298], 's_3_7_1': [1177], 's_3_8_1': [1191], 't_3': [1168], 'x_2_2': [1207, 1331, 1203], 's_2_3_2': [1200], 'x_5_2': [1031, 1043, 1041, 1047, 1039], 's_3_5_2': [1171], 's_3_7_2': [1297, 1429, 1425], 's_3_8_2': [1201, 1329], 'x_2_3': [1064, 1206, 1198, 1192], 's_2_3_3': [1071], 'x_5_3': [1029, 1167, 1162, 1037, 1034], 's_3_5_3': [1163], 's_3_7_3': [1314], 's_3_8_3': [1059], 't_7': [1316, 1308], 's_2_8_1': [1448], 't_8': [1195], 's_2_8_2': [1204], 's_2_8_3': [1069], 't_2': [1202, 1330], 'x_6_1': [914, 918], 's_5_6_1': [910, 905], 'x_9_1': [1160, 1156, 1161, 1164], 's_5_9_1': [1032], 't_5': [1045], 'x_6_2': [919, 913], 's_5_6_2': [915], 'x_9_2': [1025, 1153, 1152, 1158], 's_5_9_2': [1024], 'x_6_3': [1035, 907, 917, 909], 's_5_6_3': [906], 'x_9_3': [1284, 1283, 1159, 1155], 's_5_9_3': [1027], 't_6': [912], 'x_4_1': [1295, 1288], 's_4_9_1': [1289], 't_9': [1154], 'x_4_2': [1293, 1281, 1285], 's_4_9_2': [1280], 'x_4_3': [1286, 1294], 's_4_9_3': [1282], 't_4': [1291], 'x_1_1': [1651], 't_1': [1655, 1648], 'x_1_2': [1652], 'x_1_3': [1654, 1649]}",0.0001095890410958904,0.0012203319151408267,0.001,,,,,5.0,5.0
18,l,1,"{'x_0_1': [1706, 1578, 1450, 1322, 1176, 1304, 1308, 1316, 1324], 'x_3_1': [915, 1043, 1173, 1167, 1175, 1300, 1299, 1171], 's_0_3_1': [1181], 'x_11_1': [1212, 1583, 1591, 1744, 827, 955, 1085, 1083, 1211, 1339, 1467, 1595, 1599, 1607, 1615, 1644, 1636, 1628, 1620, 1616, 1623], 's_0_11_1': [1332, 1340], 'x_12_1': [1834, 1838, 1846, 1854, 1862, 1361, 1489, 1617, 1745, 1873, 1878, 1870], 's_0_12_1': [1835, 1707, 1711], 't_0': [1179, 1191, 1183], 'x_0_2': [1315, 1187, 1059, 931, 803, 675, 724, 716, 708, 723, 700, 692, 684, 676], 'x_0_3': [1443, 1444, 1307, 1691, 1563, 1435, 1436], 'x_3_2': [916, 924, 932, 940, 682, 687, 680, 808, 936], 's_0_3_2': [683], 'x_11_2': [995, 867, 1089, 961, 833, 705, 703, 711, 719, 727, 735, 869, 861, 856, 996, 1093, 728], 's_0_11_2': [696], 'x_12_2': [721, 849, 977, 1109, 1237, 1105, 1369, 1241, 1244, 1236, 1233], 's_0_12_2': [726], 'x_3_3': [1311, 914, 1042, 1303, 1554, 1426, 1170, 1298], 's_0_3_3': [1557, 1565], 'x_11_3': [1571, 835, 963, 1574, 1582, 1590, 1091, 1219, 1347, 1475, 1603, 1638, 1630, 1622, 1614, 1606, 1598], 's_0_11_3': [1566], 'x_12_3': [1704, 1511, 1503, 1497, 1625, 1753, 1758, 1750, 1690, 1694, 1702, 1710, 1718, 1726, 1734, 1742], 's_0_12_3': [1695], 'x_2_1': [1066, 1928, 1800, 1672, 1416, 1934, 1288, 1160, 1032, 904, 910, 938, 950, 947, 942, 934, 926, 1544, 918], 's_2_3_1': [1165], 'x_5_1': [1358, 1350, 1342, 1334, 1352, 1326, 1045, 1053, 1061, 1069, 811, 939, 1067, 1195, 1323], 's_3_5_1': [1168, 1040], 'x_10_1': [414, 1451, 406, 398, 395, 523, 651, 779, 907, 1035, 1471, 1463, 1455, 1447, 1439, 1423, 1419, 1291, 1431, 1163], 's_3_10_1': [1292], 't_3': [912, 917], 'x_2_2': [819, 957, 686, 830, 953, 825, 691, 694, 702, 697], 's_2_3_2': [695], 'x_5_2': [813, 821, 822, 817, 976, 980, 972, 964, 956, 948, 848, 945], 's_3_5_2': [810], 'x_10_2': [554, 411, 539, 973, 970, 842, 714, 586, 591, 583, 575, 567, 969, 559, 551, 543], 's_3_10_2': [552], 'x_2_3': [1172, 1169, 929, 1041, 913, 919, 927, 935, 1208, 1080, 952, 959, 951, 943], 's_2_3_3': [1044], 'x_5_3': [1180, 805, 800, 1689, 1567, 1561, 806, 798, 1433, 1305, 1177, 665, 793, 921, 1049], 's_3_5_3': [1559], 'x_10_3': [1613, 1605, 1597, 1589, 1581, 1572, 1580, 1577, 1564, 1449, 1321, 541, 549, 553, 681, 809, 937, 1556, 1065, 557, 1193], 's_3_10_3': [1296, 1424, 1552], 'x_6_1': [1204, 1194, 1196, 1892, 1884, 1876, 1868, 1860, 1852, 1184, 1844, 1836, 1828, 1900, 1824, 1188, 1696, 1568, 1440, 1312], 's_6_11_1': [1575], 'x_8_1': [1687, 1609, 1737, 1738, 1866, 1994, 1427, 1555, 1811, 1939, 1740, 1942, 1950, 1958, 1966, 1974, 1683, 1982, 1990, 1998], 's_8_11_1': [1612], 's_10_11_1': [1579], 'x_14_1': [920, 876, 868, 860, 852, 844, 792, 796, 804, 812, 820, 828, 836], 's_11_14_1': [829, 826], 'x_16_1': [1525, 1267, 1747, 1375, 1383, 1391, 1399, 1395, 1523, 1651, 1367, 1779, 1780, 1772, 1748, 1756, 1764], 's_11_16_1': [1652], 'x_17_1': [1898, 1770, 1642, 1134, 1130, 1258, 1386, 1514], 's_11_17_1': [1641, 1513, 1516], 'x_18_1': [1880, 1885, 1877, 1752, 1869, 1861, 1853, 1845, 1842, 946, 1074, 1202, 1330, 1458, 1586, 1714], 's_11_18_1': [1872], 't_11': [1087, 1095], 'x_6_2': [1082, 1110, 1070, 1081, 991, 975, 971, 1072, 983, 1200, 1099, 1075, 1078, 1086, 1094, 1102], 's_6_11_2': [1090], 'x_8_2': [846, 710, 718, 843, 1223, 713, 841, 853, 851, 1247, 979, 1481, 845, 1353, 1225, 1231, 1239, 1235, 1107], 's_8_11_2': [715], 's_10_11_2': [577], 'x_14_2': [858, 791, 863, 855, 847, 799, 807, 815, 823, 831, 839], 's_11_14_2': [730], 'x_16_2': [1376, 1248, 1242, 1114, 992, 1120, 1112, 1119, 1127], 's_11_16_2': [864], 'x_17_2': [1126, 1121, 993, 999], 's_11_17_2': [865], 'x_18_2': [818, 690, 564, 569, 580, 588, 596, 604, 603, 731, 859, 987, 1115, 562, 1243, 572, 1371, 1499], 's_11_18_2': [862], 'x_6_3': [2020, 2012, 2004, 1198, 1190, 1206, 1185, 1441, 1214, 1569, 1825, 1953, 1996, 1697, 1988, 1980, 1313, 1972, 1964, 1956], 's_6_11_3': [1573], 'x_8_3': [1495, 1492, 1610, 1482, 1213, 1210, 1338, 1466, 1484, 1476, 1491, 1468], 's_8_11_3': [1594], 's_10_11_3': [1593], 'x_14_3': [707, 671, 706, 850, 722, 664, 749, 741, 733, 725, 717, 709, 669, 677, 685, 693, 701], 's_11_14_3': [837, 834], 'x_16_3': [1624, 1496, 1504, 1493, 1517, 1509, 1501], 's_11_16_3': [1632], 'x_17_3': [2023, 1124, 1645, 1637, 1251, 1379, 1507, 1123, 2019, 1891, 1763, 1635], 's_11_17_3': [1633], 'x_18_3': [1297, 1425, 1553, 1681, 1809, 1815, 1823, 1831, 1839, 1847, 1855, 1863, 1871, 1879, 1887, 1629, 1627, 1755, 1883], 's_11_18_3': [1621, 1619], 'x_1_1': [1199, 1207, 1841, 1713, 1201, 1329, 1588, 1457, 1585], 's_1_12_1': [1587, 1843, 1715], 'x_4_1': [1360, 1364, 1356], 's_4_12_1': [1365], 's_8_12_1': [1962], 'x_9_1': [1732, 1464, 1848, 1470, 1724, 1720, 1592], 's_9_12_1': [1850, 1722], 's_12_16_1': [1875], 's_12_18_1': [1864], 't_12': [1506, 1378, 1366, 1374, 1382], 'x_1_2': [1335, 1343, 1351, 1101, 1098, 1226, 1354, 1359], 's_1_12_2': [1229], 'x_4_2': [1106, 1104, 1246, 1232, 1234, 1238], 's_4_12_2': [1108], 's_8_12_2': [1111], 'x_9_2': [1349, 1478, 974, 966, 1228, 960, 1472, 1344, 1220, 1216, 1088], 's_9_12_2': [982], 's_12_16_2': [1117], 's_12_18_2': [1372], 'x_1_3': [1576, 1331, 1459, 1437, 1448, 1461, 1442, 1445, 1453], 's_1_12_3': [1562, 1434], 'x_4_3': [1701, 1709, 1717, 1725, 1362, 1490, 1693, 1618, 1746, 1749, 1483, 1611, 1739, 1741, 1733], 's_4_12_3': [1698], 's_8_12_3': [1500], 'x_9_3': [1222, 1218, 1730, 1604, 1602, 1474, 1346], 's_9_12_3': [1728, 1600], 's_12_16_3': [1505], 's_12_18_3': [1832], 's_2_6_1': [928, 1056], 's_2_5_1': [941], 's_2_8_1': [1679], 's_2_18_1': [949], 't_2': [958], 's_2_6_2': [954], 's_2_5_2': [689], 's_2_8_2': [838], 's_2_18_2': [563], 's_2_6_3': [1057], 's_2_5_3': [801], 's_2_8_3': [1215], 's_2_18_3': [1164, 1807, 1801, 1673, 1545, 1417, 1289, 1161], 's_5_10_1': [1037], 's_4_5_1': [1345, 1348], 's_5_14_1': [1048], 't_5': [814], 's_5_10_2': [981], 's_4_5_2': [978], 's_5_14_2': [816], 's_5_10_3': [537], 's_4_5_3': [1688, 1560], 's_5_14_3': [670], 's_1_10_1': [1462, 1454], 's_8_10_1': [1428, 1420], 's_9_10_1': [1465], 'x_15_1': [535, 527], 's_10_15_1': [403, 531], 't_10': [408, 536], 's_1_10_2': [1097], 's_8_10_2': [585], 's_9_10_2': [965], 'x_15_2': [412, 404, 532, 656, 528, 400], 's_10_15_2': [540], 's_1_10_3': [1570], 's_8_10_3': [1460, 1452], 's_9_10_3': [1601, 1473], 'x_15_3': [534, 533, 658, 530], 's_10_15_3': [538, 542], 's_1_6_1': [1584, 1840, 1712], 's_6_9_1': [1857, 1729], 'x_13_1': [1192, 1068, 1079, 1071, 1064], 's_6_13_1': [1197], 's_6_17_1': [1901, 1896], 't_6': [1203], 's_1_6_2': [1103], 's_6_9_2': [967], 'x_13_2': [1060, 1096, 840, 712, 584, 590, 582, 930, 802, 674, 546, 1058, 550, 968, 558, 566, 574], 's_6_13_2': [1062], 's_6_17_2': [1118], 's_1_6_3': [1446], 's_6_9_3': [1986, 1858], 'x_13_3': [925, 922, 1320, 1325, 1317, 1309, 1050, 1310, 1178, 1301, 933, 1306], 's_6_13_3': [1182], 's_6_17_3': [2018], 's_8_9_1': [1976], 's_8_16_1': [1751, 1743], 't_8': [1736, 1487, 1480, 1608], 's_8_9_2': [1224], 's_8_16_2': [1255], 's_8_9_3': [1221], 's_8_16_3': [1488], 'x_7_1': [873, 1001, 1129, 1009, 1137, 1135, 1139, 1143], 's_7_14_1': [884, 881], 'x_19_1': [788, 780, 526, 520, 776, 648], 's_14_19_1': [797, 789, 781], 't_14': [666, 794], 'x_7_2': [986, 990, 1014, 985, 1006, 998], 's_7_14_2': [857], 'x_19_2': [654, 649, 777, 784, 790, 782], 's_14_19_2': [783], 'x_7_3': [750, 1518, 1132, 1004, 1512, 1384, 1256, 744, 872, 1000, 1128], 's_7_14_3': [747], 'x_19_3': [657, 653, 661], 's_14_19_3': [663], 's_16_18_1': [1761, 1767, 1759], 's_4_16_1': [1363], 's_7_16_1': [1265, 1393, 1397], 's_16_17_1': [1398, 1390], 't_16': [1368, 1240], 's_16_18_2': [1245], 's_4_16_2': [1254], 's_7_16_2': [984], 's_16_17_2': [1122], 's_16_18_3': [1631], 's_4_16_3': [1485], 's_7_16_3': [1515], 's_16_17_3': [1510], 's_7_17_1': [1142], 't_17': [1125, 1133], 's_7_17_2': [994], 's_7_17_3': [1640], 's_13_18_1': [1076], 't_18': [1757, 1754, 1502, 1498, 1626], 's_13_18_2': [579], 's_13_18_3': [1302], 's_1_13_1': [1073], 't_1': [1333, 1328, 1456], 's_1_13_2': [1100], 's_1_13_3': [1314], 't_4': [1230, 1355, 1227], 't_9': [1469, 1477], 's_15_19_1': [521], 't_15': [529], 's_15_19_2': [662], 's_15_19_3': [660], 't_13': [1063, 1055], 't_7': [1011, 1012], 't_19': [652, 650]}",0.0006100917431192661,0.001662241270061489,0.002,,,,,1.0,1.0
19,l,1,"{'x_0_1': [405, 397, 1075, 1203, 1204, 1196, 1180, 1172, 1164, 393, 521, 1188, 649, 777, 905, 1033, 1161], 'x_3_1': [396, 436, 428, 404, 435, 412, 418, 420], 's_0_3_1': [402], 'x_11_1': [535, 467, 339, 533, 549, 723, 557, 527, 552, 530, 296, 168, 595, 40, 44, 52, 211, 541, 60, 68, 76, 84, 424, 83], 's_0_11_1': [525], 'x_12_1': [265, 270, 850, 466, 338, 272, 278, 594, 286, 294, 342, 334, 313, 302, 310, 722, 318, 326], 's_0_12_1': [400], 't_0': [955, 1212, 1211, 1083], 'x_0_2': [1077, 704, 1101, 1085, 836, 832, 1093, 1088, 960], 'x_0_3': [965, 947, 949, 957], 'x_3_2': [447, 583, 828, 566, 574, 444, 443, 575, 571, 827, 699], 's_0_3_2': [576], 'x_11_2': [1111, 468, 209, 337, 613, 844, 1105, 852, 605, 597, 977, 869, 861, 853, 849, 465, 593, 721], 's_0_11_2': [1109], 'x_12_2': [350, 358, 366, 1217, 1220, 1228, 1236, 1244, 1089, 1260, 362, 490, 495, 503, 1252, 497, 625, 753, 881, 1009, 1137, 1265, 1268], 's_0_12_2': [1095], 'x_3_3': [789, 797, 805, 813, 565, 691, 819, 829, 563, 821], 's_0_3_3': [824, 952], 'x_11_3': [1055, 1047, 979, 537, 1352, 1224, 665, 793, 1049, 1096, 968, 921, 924, 932, 980, 972, 964, 956, 940, 948], 's_0_11_3': [961], 'x_12_3': [689, 1206, 1214, 1222, 1230, 809, 855, 783, 791, 954, 826, 1227, 1099, 971, 843, 817, 799, 807, 815, 823, 847, 839, 831], 's_0_12_3': [945], 'x_2_1': [394, 398, 406, 414, 169, 297, 425, 430, 422], 's_2_3_1': [403], 'x_5_1': [536, 401, 407, 280, 408, 415], 's_3_5_1': [409], 'x_10_1': [284, 372, 364, 356, 348, 340, 332, 290, 292, 300, 308, 316, 324], 's_3_10_1': [307], 't_3': [433, 561], 'x_2_2': [136, 816, 694, 688, 702, 432, 304, 176, 142, 560, 150, 158, 166, 174, 182], 's_2_3_2': [567], 'x_5_2': [554, 426, 434, 459, 413, 421, 429, 437, 461, 453, 445], 's_3_5_2': [441], 'x_10_2': [449, 452, 451, 199, 246, 238, 230, 222, 214, 323, 195, 198, 206], 's_3_10_2': [455], 'x_2_3': [784, 264, 392, 918, 910, 904, 776, 520, 662, 912, 654, 648], 's_2_3_3': [781], 'x_5_3': [664, 792, 920, 926, 1322, 684, 682, 810, 1194, 1066, 938, 942, 934], 's_3_5_3': [692], 'x_10_3': [1294, 1302, 240, 697, 825, 1310, 1326, 1334, 1337, 1209, 1081, 1318, 953, 958, 966, 368, 496, 624, 752, 1342, 880, 1008, 1014, 1006, 998, 990, 982, 974], 's_3_10_3': [573, 569], 'x_6_1': [676, 1375, 1367, 1343, 1335, 1327, 1312, 164, 160, 288, 416, 1319, 544, 1351, 672, 800, 928, 1359, 1056, 1184], 's_6_11_1': [36, 32], 'x_8_1': [570, 442, 213, 173, 181, 205, 197, 314, 186, 189], 's_8_11_1': [58], 's_10_11_1': [328, 72, 200], 'x_14_1': [657, 785, 913, 1169, 1297, 1301, 1041, 1309, 1317, 1325, 1333, 1341, 1349, 1357, 1365, 1373, 529, 1381, 1148, 1140, 1132, 1124, 1120, 1248, 1376], 's_11_14_1': [532, 531], 'x_16_1': [306, 178, 604, 596, 588, 586, 330, 458, 220, 212, 177, 180, 188, 196, 204, 202], 's_11_16_1': [49], 'x_17_1': [599, 607, 600, 1368, 1240, 1112, 984, 728, 856], 's_11_17_1': [724, 732], 'x_18_1': [546, 551, 559, 939, 811, 311, 303, 299, 683, 555, 427], 's_11_18_1': [558, 550, 545], 't_11': [851], 'x_6_2': [708, 705, 798, 806, 814, 801, 822, 870, 862, 833, 854, 846, 838, 830], 's_6_11_2': [859], 'x_8_2': [696, 481, 190, 184, 312, 440, 446, 568, 494, 486, 478, 470, 485, 462, 454], 's_8_11_2': [609], 's_10_11_2': [460], 'x_14_2': [456, 584, 1386, 1258, 1002, 874, 590, 598, 606, 614, 1130, 622, 618, 746], 's_11_14_2': [602], 'x_16_2': [750, 228, 236, 233, 361, 1129, 611, 1001, 615, 623, 873, 745, 489, 617], 's_11_16_2': [877], 'x_17_2': [1255, 871, 867, 868, 876, 1249, 863, 1121, 865, 993], 's_11_17_2': [860], 'x_18_2': [812, 1070, 1131, 1134, 1126, 1118, 1110, 1102, 820, 946, 1074, 1078, 818, 1086, 1094], 's_11_18_2': [1107], 'x_6_3': [1190, 1182, 1174, 790, 786, 914, 1042, 1170], 's_6_11_3': [916], 'x_8_3': [652, 660, 656, 698, 661, 669, 677, 685, 720, 725, 717, 709, 701, 693], 's_8_11_3': [671, 663], 's_10_11_3': [976], 'x_14_3': [1324, 1332, 1340, 1348, 1404, 1396, 1388, 1380, 1356, 1364, 1372], 's_11_14_3': [1480, 1487, 1479, 1473, 1345], 'x_16_3': [1452, 1460, 1468, 1476, 1484, 1482, 1354, 1229, 736, 742, 734, 726, 1226, 718, 714, 842, 970, 1098], 's_11_16_3': [1358], 'x_17_3': [1185, 1191, 1199, 1207, 1247, 1239, 1231, 1223, 1215], 's_11_17_3': [962, 1090, 1218, 1216, 1221], 'x_18_3': [1068, 1449, 1321, 917, 925, 933, 941, 937, 1065, 1193], 's_11_18_3': [927, 922], 'x_1_1': [1187, 1079, 1063, 1059, 291, 419, 547, 675, 1071, 803, 931], 's_1_12_1': [423, 289, 417], 'x_4_1': [347, 285, 293, 301, 309, 317, 346, 349, 341, 333, 325], 's_4_12_1': [331], 's_8_12_1': [319], 'x_9_1': [149, 26, 282, 165, 157, 154], 's_9_12_1': [144], 's_12_16_1': [185], 's_12_18_1': [298], 't_12': [978, 1100, 1234, 1106, 1108], 'x_1_2': [1200, 582, 944, 1072, 1076, 1084, 1092, 579, 707, 835, 963, 1091], 's_1_12_2': [1219], 'x_4_2': [357, 355, 482, 463, 471, 483, 487, 479], 's_4_12_2': [354], 's_8_12_2': [491], 'x_9_2': [11, 488, 232, 360, 104, 29, 37, 45, 53, 61, 706, 578, 21, 322, 194, 13, 109, 101, 93, 85, 450, 77, 69, 66], 's_9_12_2': [365], 's_12_16_2': [1257], 's_12_18_2': [1259], 'x_1_3': [1329, 1179, 1201, 1181, 1189, 1197, 1205], 's_1_12_3': [1082, 1210, 1213], 'x_4_3': [475, 603, 731, 687, 695, 703, 711, 719, 735, 727], 's_4_12_3': [712, 840], 's_8_12_3': [848], 'x_9_3': [782, 141, 139, 267, 395, 523, 1291, 1163, 1035, 907, 779, 651], 's_9_12_3': [778, 780], 's_12_16_3': [1103], 's_12_18_3': [795, 923], 's_2_6_1': [167, 175], 's_2_5_1': [399], 's_2_8_1': [170, 172], 's_2_18_1': [556, 553], 't_2': [271, 138, 266], 's_2_6_2': [710], 's_2_5_2': [439], 's_2_8_2': [438], 's_2_18_2': [690], 's_2_6_3': [919], 's_2_5_3': [670], 's_2_8_3': [658], 's_2_18_3': [909], 's_5_10_1': [411, 283], 's_4_5_1': [287, 281], 's_5_14_1': [534, 542], 't_5': [666, 668, 410, 538], 's_5_10_2': [448], 's_4_5_2': [457], 's_5_14_2': [587], 's_5_10_3': [950], 's_4_5_3': [680], 's_5_14_3': [1320, 1198, 1192], 's_1_10_1': [295], 's_8_10_1': [329, 201], 's_9_10_1': [162], 'x_15_1': [380, 376, 249, 374, 382, 377], 's_10_15_1': [369], 't_10': [375, 367, 363, 235], 's_1_10_2': [577], 's_8_10_2': [191], 's_9_10_2': [67], 'x_15_2': [500, 244, 373, 243, 499, 371], 's_10_15_2': [241], 's_1_10_3': [1307], 's_8_10_3': [700], 's_9_10_3': [1292, 1314, 1316, 1308, 1300], 'x_15_3': [251, 242, 245, 250, 253], 's_10_15_3': [247, 255], 's_1_6_1': [163], 's_6_9_1': [161], 'x_13_1': [1058, 930, 802, 674], 's_6_13_1': [679], 's_6_17_1': [1374, 1371], 't_6': [788, 804, 794, 796], 's_1_6_2': [837], 's_6_9_2': [834], 'x_13_2': [959, 1057, 951, 936, 943, 929, 935], 's_6_13_2': [808], 's_6_17_2': [864], 's_1_6_3': [1173], 's_6_9_3': [1166], 'x_13_3': [1051, 1060, 1044, 1052], 's_6_13_3': [1050, 1178], 's_6_17_3': [1183, 1175], 's_8_9_1': [39, 179, 51, 55, 31, 47], 's_8_16_1': [217, 221], 't_8': [592, 208, 336, 464], 's_8_9_2': [56], 's_8_16_2': [493], 's_8_9_3': [653, 650], 's_8_16_3': [716, 715], 'x_7_1': [1116, 589, 585, 973, 1113, 985, 969, 841, 713, 989, 981], 's_7_14_1': [997, 995, 1123, 1251, 1253], 'x_19_1': [1145, 1017, 888, 893, 510, 505, 633, 889, 761], 's_14_19_1': [1144, 1016], 't_14': [1377, 1391, 1383], 'x_7_2': [988, 1000, 1004, 996], 's_7_14_2': [1007], 'x_19_2': [620, 507, 635, 636, 627, 628], 's_14_19_2': [630], 'x_7_3': [1370, 1237, 1245, 986, 1114, 1242], 's_7_14_3': [1360, 1232], 'x_19_3': [1402, 1274, 1146, 1018, 383, 764, 892, 378, 506, 634, 762, 890], 's_14_19_3': [1403, 1275, 1147, 1019, 891], 's_16_18_1': [305], 's_4_16_1': [207, 215, 223, 218], 's_7_16_1': [591], 's_16_17_1': [601], 't_16': [612, 608], 's_16_18_2': [1133], 's_4_16_2': [610], 's_7_16_2': [1005], 's_16_17_2': [739], 's_16_18_3': [1485, 1477, 1469, 1461, 1453, 1451], 's_4_16_3': [743], 's_7_16_3': [858, 730], 's_16_17_3': [1225], 's_7_17_1': [1117], 't_17': [1241, 1254, 1246], 's_7_17_2': [872], 's_7_17_3': [1235], 's_13_18_1': [686, 678], 't_18': [1067], 's_13_18_2': [1064], 's_13_18_3': [915, 1043], 's_1_13_1': [1061], 't_1': [1073], 's_1_13_2': [967], 's_1_13_3': [1176, 1048], 't_4': [477, 474], 't_9': [156, 140, 17, 145, 148], 's_15_19_1': [504], 't_15': [370], 's_15_19_2': [508], 's_15_19_3': [379], 't_13': [1054, 1062], 't_7': [987, 991], 't_19': [638]}",0.0006743119266055047,0.0017610796112580457,0.001,,,,,1.0,2.0
20,l,1,"{'x_0_1': [1327, 1311, 1312, 1319], 'x_3_1': [788, 853, 845, 1310, 704, 832, 837, 829, 821, 796, 1304, 1176, 1048, 920, 792, 797, 805, 813], 's_0_3_1': [1306], 'x_11_1': [1354, 1181, 806, 1994, 1866, 1610, 1491, 1492, 798, 1482, 543, 1484, 537, 665, 793, 921, 1049, 1738, 1476, 1468, 1177, 1305, 1433, 1436, 1460, 1452, 551, 1444], 's_0_11_1': [1440], 'x_12_1': [454, 557, 446, 438, 430, 427, 555, 1353, 1481, 1609, 1615, 1607, 1599, 1583, 1579, 1451, 1591, 1323, 1195, 1067, 939, 811, 683], 's_0_12_1': [1326, 1318], 't_0': [1316, 1313], 'x_0_2': [1315, 679, 1187, 675, 803, 931, 1059], 'x_0_3': [1196, 1188, 1069, 1061, 1050, 1314, 1186, 1054, 1062, 1058], 'x_3_2': [682, 824, 696, 697, 668, 802, 674, 676, 700, 684, 692], 's_0_3_2': [678], 'x_11_2': [1093, 1185, 1231, 1729, 1207, 1215, 1857, 1384, 1645, 1637, 1629, 1621, 1613, 1605, 1860, 1199, 1601, 1473, 1345, 1512, 1089, 1191, 1640, 1217, 1223], 's_0_11_2': [1184, 1063, 1056], 'x_12_2': [1211, 867, 739, 1083, 741, 955, 827, 677, 699, 733, 725, 717, 685, 693, 701, 709], 's_0_12_2': [673], 'x_3_3': [913, 918, 666, 794, 922, 926], 's_0_3_3': [1041, 1046], 'x_11_3': [1197, 1064, 936, 808, 1787, 1659, 1531, 1403, 1275, 1147, 1019, 891, 894, 886, 1192, 878, 870, 862, 854, 846, 838, 830, 1915, 822, 814], 's_0_11_3': [1068, 1060], 'x_12_3': [1204, 1212, 1534, 1526, 1518, 1513, 1641, 1646, 1630, 1622, 1082, 1210, 1338, 1638, 1466, 1594, 1598, 1606, 1614], 's_0_12_3': [1203, 1075, 1070, 1078], 'x_2_1': [702, 459, 461, 453, 834, 706, 578, 322, 710, 450], 's_2_3_1': [455, 576, 448], 'x_5_1': [1584, 1590, 1582, 1574, 1558, 1554, 1566, 1298, 1170, 1042, 914, 786, 658, 530, 402, 274, 342, 1426, 334, 326, 318, 310, 302, 294, 286, 278], 's_3_5_1': [789], 'x_10_1': [1109, 1365, 1361, 1233, 1105, 1489, 337, 465, 593, 721, 849, 977], 's_3_10_1': [727, 719, 711], 't_3': [664, 670], 'x_2_2': [826, 876, 868, 860, 852, 820, 828, 836, 844], 's_2_3_2': [825], 'x_5_2': [1962, 1834, 1706, 956, 948, 940, 1578, 812, 810, 938, 1066, 1194, 1322, 1450], 's_3_5_2': [804], 'x_10_2': [950, 1626, 1370, 1242, 1114, 986, 987, 952, 958, 966, 974, 982, 1498, 990], 's_3_10_2': [942, 934, 930], 'x_2_3': [784, 1110, 976, 848, 855, 916, 847, 791, 799, 807, 912, 815, 1104, 823, 831, 839], 's_2_3_3': [785], 'x_5_3': [1705, 1577, 1560, 915, 1043, 1299, 1427, 1431, 1449, 1455, 1447, 1171, 1439, 1432], 's_3_5_3': [917], 'x_10_3': [1240, 1563, 1112, 984, 856, 728, 600, 472, 1307, 1179, 476, 468, 460, 452, 1051, 444, 436, 433, 561, 689, 817, 1116, 945, 951, 943, 935, 1435, 927, 923], 's_3_10_3': [925], 'x_6_1': [1520, 559, 1392, 567, 575, 583, 591, 599, 607, 615, 1264, 1136, 1008, 880, 752, 1399, 624, 631, 623], 's_6_11_1': [553, 558, 550, 542], 'x_8_1': [715, 843, 971, 716, 1374, 708, 1366, 1358, 1355, 1227, 1099], 's_8_11_1': [1483], 's_10_11_1': [1363], 'x_14_1': [1840, 1968, 1975, 1983, 2000, 1991, 1891, 2019, 2023, 1712, 2015, 2007, 1999], 's_11_14_1': [1997, 2005], 'x_16_1': [1461, 1766, 1758, 1750, 1462, 1585, 1713, 1457, 1726, 1718, 1352, 1480, 1608, 1736, 1742, 1734], 's_11_16_1': [1441, 1446, 1454], 'x_17_1': [1487, 1648, 1495, 1503, 1504, 1511, 1519, 1655, 1647, 1643, 1515], 's_11_17_1': [1499, 1500], 'x_18_1': [621, 613, 605, 589, 581, 573, 565, 1463, 1458, 1330, 597, 1202, 1074, 946, 818, 690, 562], 's_11_18_1': [1459], 't_11': [1189], 'x_6_2': [885, 1005, 1260, 1143, 877, 872, 1256, 1000, 1387, 1259, 1131, 1135, 1128], 's_6_11_2': [1389], 'x_8_2': [1080, 1086, 1094, 1102, 973, 840, 975, 968, 1096], 's_8_11_2': [1098, 1226], 's_10_11_2': [1239, 1247], 'x_14_2': [1964, 1972, 1980, 2035, 1986, 1985, 1988, 2036, 2028, 2020, 2012, 2004, 1993, 1996], 's_11_14_2': [1858], 'x_16_2': [1084, 1525, 1517, 1092, 1216, 1344, 1509, 1501, 1088, 1485, 1493, 1472, 1477], 's_11_16_2': [1478], 'x_17_2': [1396, 1388, 1649, 1521, 1393], 's_11_17_2': [1653], 'x_18_2': [609, 963, 835, 707, 579, 572, 612, 604, 596, 588, 1091, 580], 's_11_18_2': [1219], 'x_6_3': [1015, 1011, 1139, 1266, 1277, 1111, 1119, 1127, 1121, 1267, 1269, 1261, 1253, 1249], 's_6_11_3': [1265, 1271, 1279], 'x_8_3': [1206, 1214, 1222, 1230, 1238, 841, 969, 1097, 1246, 1225], 's_8_11_3': [1198], 's_10_11_3': [937, 809], 'x_14_3': [1833, 1837, 1845, 1853, 1851, 1914, 1918, 1910, 1864, 1902, 1894, 1854, 1862, 1870, 1878, 1865, 1886], 's_11_14_3': [1916], 'x_16_3': [1328, 1333, 1733, 1780, 1757, 1592, 1728, 1760, 1336, 1604, 1596, 1464, 1341, 1764, 1208, 1749, 1772, 1600, 1765, 1741, 1788], 's_11_16_3': [1789, 1786], 'x_17_3': [1768, 1775, 1783, 1778, 1405, 1397, 1650, 1522, 1394], 's_11_17_3': [1401, 1407], 'x_18_3': [889, 761, 633, 638, 1200, 1072, 630, 944, 816, 688, 560, 566, 574, 582, 590, 598, 606, 614, 622], 's_11_18_3': [634, 762, 890], 'x_1_1': [1133, 462, 478, 486, 494, 1130, 1002, 470, 874, 746, 751, 747, 619, 491], 's_1_12_1': [458, 330, 442, 319, 327, 314, 335], 'x_4_1': [1475, 1479, 1471, 1589, 1597, 1595, 1467], 's_4_12_1': [1581], 's_8_12_1': [1357], 'x_9_1': [1359, 1368, 1367, 1391, 1383, 1375], 's_9_12_1': [1623, 1631, 1639, 1378, 1506, 1634], 's_12_16_1': [1737], 's_12_18_1': [434], 't_12': [1071, 1087, 1079], 'x_1_2': [1010, 882, 754, 858, 730, 734, 1138, 742, 750, 758], 's_1_12_2': [731], 'x_4_2': [964, 1349, 957, 1474, 965, 962, 1346, 1218, 1090], 's_4_12_2': [705, 833, 961], 's_8_12_2': [712], 'x_9_2': [1379, 978, 981, 989, 1251, 1123, 997, 999, 995], 's_9_12_2': [850, 722], 's_12_16_2': [959, 967, 960], 's_12_18_2': [571], 'x_1_3': [1137, 1530, 1274, 1146, 1402, 1120, 1124, 1132, 1140, 1148], 's_1_12_3': [1533, 1528], 'x_4_3': [1448, 1320, 1348, 1324, 1332, 1339, 1340], 's_4_12_3': [1343], 's_8_12_3': [1201], 'x_9_3': [1220, 1243, 1360, 1232, 1228, 1252, 1244, 1236], 's_9_12_3': [1616, 1488], 's_12_16_3': [1731, 1603], 's_12_18_3': [1085, 1077], 's_2_6_1': [584, 456], 's_2_5_1': [331], 's_2_8_1': [718], 's_2_18_1': [587], 't_2': [819, 691, 694], 's_2_6_2': [873], 's_2_5_2': [954], 's_2_8_2': [970, 842], 's_2_18_2': [698, 570], 's_2_6_3': [1107], 's_2_5_3': [787], 's_2_8_3': [1234, 1106], 's_2_18_3': [720, 592], 's_5_10_1': [341, 338], 's_4_5_1': [1587], 's_5_14_1': [1682, 1810, 1814, 1822, 1830, 1838, 1846, 1969, 1841], 't_5': [1580, 1588], 's_5_10_2': [947], 's_4_5_2': [953], 's_5_14_2': [1966, 1974, 1987, 1990, 1982], 's_5_10_3': [1688, 1692, 1691], 's_4_5_3': [1321, 1325], 's_5_14_3': [1709, 1717, 1850, 1722, 1725], 's_1_10_1': [464, 471, 463], 's_8_10_1': [1101], 's_9_10_1': [1372, 1364], 'x_15_1': [1743, 1873, 1617, 1745, 1751], 's_10_15_1': [1362, 1746, 1618, 1490], 't_10': [1115, 1117], 's_1_10_2': [861, 859], 's_8_10_2': [991, 983], 's_9_10_2': [979], 'x_15_2': [1619, 1625, 1624, 1628, 1620], 's_10_15_2': [1754, 1756, 1627, 1755], 's_1_10_3': [1118, 1126], 's_8_10_3': [473, 601, 729, 857, 985, 1113, 1241], 's_9_10_3': [1245], 'x_15_3': [1564, 1612, 1739, 1611, 1867, 1875, 1879, 1871, 1863, 1855, 1562, 1690, 1823, 1831, 1818, 1839, 1847], 's_10_15_3': [1567], 's_1_6_1': [457, 585], 's_6_9_1': [1385, 1142, 1134, 1129, 1257], 'x_13_1': [749, 617, 756, 745, 748], 's_6_13_1': [753, 759], 's_6_17_1': [1524, 1516], 't_6': [1268], 's_1_6_2': [1004, 1012], 's_6_9_2': [1007, 1003], 'x_13_2': [755, 883, 740, 887, 879, 737, 865, 871], 's_6_13_2': [875], 's_6_17_2': [1398, 1390], 's_1_6_3': [1250, 1122], 's_6_9_3': [1248], 'x_13_3': [765, 764, 895, 760, 888, 1144, 1023, 1016], 's_6_13_3': [1272], 's_6_17_3': [1395], 's_8_9_1': [1369], 's_8_16_1': [1356], 't_8': [1103], 's_8_9_2': [972, 980], 's_8_16_2': [1100], 's_8_9_3': [1224], 's_8_16_3': [1209, 1337], 'x_7_1': [1899, 1505, 1761, 1903, 1895, 1633, 1889], 's_7_14_1': [2017], 'x_19_1': [1872, 1885, 1877], 's_14_19_1': [1893], 't_14': [1992], 'x_7_2': [1909, 1644, 1652, 1636, 1779, 1523, 1907, 1651], 's_7_14_2': [1908, 1905, 2033], 'x_19_2': [2009, 1887, 1753, 1881], 's_14_19_2': [2011, 1883], 'x_7_3': [1642, 1774, 1898, 1770], 's_7_14_3': [1897, 1769], 'x_19_3': [1882, 1884, 1876], 's_14_19_3': [1890, 1892], 's_16_18_1': [1456], 's_4_16_1': [1470], 's_7_16_1': [1767, 1762], 's_16_17_1': [1486, 1510, 1502, 1494], 't_16': [1469], 's_16_18_2': [1095], 's_4_16_2': [1351], 's_7_16_2': [1507, 1635], 's_16_17_2': [1386, 1514], 's_16_18_3': [1205, 1213], 's_4_16_3': [1342], 's_7_16_3': [1771], 's_16_17_3': [1776, 1782], 's_7_17_1': [1508], 't_17': [1654], 's_7_17_2': [1527], 's_7_17_3': [1773, 1781], 's_13_18_1': [620, 618], 't_18': [568], 's_13_18_2': [864, 608, 736], 's_13_18_3': [1017], 's_1_13_1': [489], 't_1': [1141], 's_1_13_2': [881, 884], 's_1_13_3': [1018], 't_4': [1347], 't_9': [1371, 1381, 1373], 's_15_19_1': [1744], 't_15': [1747], 's_15_19_2': [1759, 1752], 's_15_19_3': [1868], 't_13': [757], 't_7': [1901], 't_19': [1880]}",0.0012018348623853213,0.0023361012196266343,0.001,,,,,1.0,5.0
21,l,1,"{'x_0_1': [2007, 1757, 2003, 1875, 1622, 1619, 1738, 1741, 1749, 1747], 'x_3_1': [1225, 1230, 842, 970, 1098, 1610, 1482, 1354, 1226], 's_0_3_1': [1614], 'x_11_1': [1807, 1815, 2028, 2020, 2012, 2036, 1816, 1823, 1831, 1839, 1847, 2004, 1996, 1988, 1855, 1980, 1851, 1979], 's_0_11_1': [2002], 'x_12_1': [1081, 1209, 1337, 1465, 1593, 1884, 1876, 1868, 1860, 1852, 1849, 1721], 's_0_12_1': [1866], 't_0': [1754], 'x_0_2': [986, 1373, 1630, 1372, 1114, 1242, 1626, 1498, 1370], 'x_0_3': [2000, 1499, 1627, 1755, 1872, 1744, 1759, 1751], 'x_3_2': [1105, 1233, 1361, 1356, 1364], 's_0_3_2': [1365], 'x_11_2': [1507, 1379, 1251, 1801, 1673, 1545, 1417, 1289, 1161, 1033, 905, 910, 918, 926, 934, 942, 950, 958, 966, 974, 982, 990, 998, 995, 1123], 's_0_11_2': [1380], 'x_12_2': [1121, 1127, 953, 952, 1429, 1119, 1113, 1554, 1426, 1298, 1170, 1042, 914, 919, 1241, 927, 1249, 935, 943, 951, 959, 967, 975, 983, 991, 985], 's_0_12_2': [1247], 'x_3_3': [1104, 1616, 1484, 1492, 1232, 1488, 1360], 's_0_3_3': [1500], 'x_11_3': [1267, 1651, 1779, 2035, 1907, 2037, 2029, 2021, 1523, 2013, 2005, 1997, 1395, 1989, 1981, 1973, 1965, 1960, 1576, 1704, 1805, 1821, 1829, 1837, 1813, 1832], 's_0_11_3': [2011, 1883], 'x_12_3': [1067, 1195, 1199, 1464, 1336, 1208, 1878, 1874, 1746, 1490, 1362, 1234, 1239, 940, 1231, 932, 1223, 924, 1215, 916, 939, 1618, 1207], 's_0_12_3': [1877], 'x_2_1': [1214, 1222, 1351, 1101, 1344, 1216, 1093, 1088], 's_2_3_1': [1097], 'x_5_1': [1117, 1639, 1631, 856, 984, 1112, 1240, 1359, 1375, 1766, 1367, 1758, 1752, 1624, 1496, 1368], 's_3_5_1': [1353], 'x_10_1': [1702, 866, 869, 861, 853, 845, 837, 829, 821, 813, 1827, 1055, 1063, 1699, 1571, 1443, 1315, 1187, 1059, 931, 803, 805], 's_3_10_1': [851, 854, 846], 't_3': [1238], 'x_2_2': [1288, 1252, 1244, 1236, 1294, 1302, 1310, 1318, 1326, 1334, 1228, 1220, 1218, 1346, 1350, 1227, 1342], 's_2_3_2': [1355], 'x_5_2': [1390, 1122, 1250, 1366, 1374, 1382, 1378], 's_3_5_2': [1363], 'x_10_2': [1039, 1025, 1106, 1035, 1120, 1028, 1036, 1044, 1052, 1060, 1068, 1140, 1132, 1124, 1116, 1108, 1100, 1092, 1084, 1076], 's_3_10_2': [1111], 'x_2_3': [1467, 1470, 1347, 1475, 1481, 1486, 1472, 1478], 's_2_3_3': [1494], 'x_5_3': [1526, 1518, 1510, 1487, 1495, 1503, 1248, 1376, 1888, 1760, 1632, 1511, 1504], 's_3_5_3': [1489], 'x_10_3': [1243, 1115, 1118, 1245, 1046, 1253, 1054, 1261, 1062, 1269, 1070, 1277, 1078, 1086, 1094, 1102, 1110], 's_3_10_3': [1237], 'x_6_1': [1666, 1538, 963, 1560, 1438, 1430, 1422, 1414, 1410, 1282, 1154, 1026, 898, 770, 1091, 1688, 772, 780, 788, 796, 804, 812, 820, 828, 836, 1432, 835], 's_6_11_1': [1794, 1799], 'x_8_1': [1345, 1473, 1729, 1817, 1689, 1733, 1685, 1693, 1701, 1709, 1601, 1717, 1725], 's_8_11_1': [1818, 1820], 's_10_11_1': [1833, 1838, 1830], 'x_14_1': [2033, 1663, 1398, 1394, 1782, 1905, 1777, 1908, 1649, 1647, 1522, 1650, 1655], 's_11_14_1': [2032, 1904], 'x_16_1': [2017, 1606, 1853, 2030, 1603, 1969, 1974, 1982, 2022, 2014, 2006, 1731, 1859, 1987, 1861, 1990, 1998], 's_11_16_1': [1972], 'x_17_1': [1846, 1265, 1259, 1004, 996, 988, 964, 956, 1263, 972, 1841, 1131, 1713, 1271, 1003, 980, 1585, 1457, 1329, 1201, 1073, 945, 948], 's_11_17_1': [1843], 'x_18_1': [1300, 1210, 1850, 1722, 1594, 1466, 1338, 1308, 1316, 1324, 1332, 1340], 's_11_18_1': [1854], 't_11': [1802, 1806], 'x_6_2': [802, 1421, 946, 818, 822, 1157, 814, 1165, 806, 798, 1418, 1162, 1034, 906, 778, 1290, 782, 790], 's_6_11_2': [911], 'x_8_2': [1295, 1680, 1303, 1557, 1552, 1040, 1168, 1296, 1424], 's_8_11_2': [1301, 1293], 's_10_11_2': [992], 'x_14_2': [1533, 1512, 1506, 1509, 1517, 1525], 's_11_14_2': [1508], 'x_16_2': [1611, 1548, 1604, 1556, 1612, 1564, 1620, 1572, 1628, 1580, 1636, 1588, 1644, 1596], 's_11_16_2': [1635], 'x_17_2': [1258, 1260, 1453, 1257, 1577, 1129, 1001, 1005, 997, 989, 981, 973, 965, 1321, 1193, 1065, 937, 1449, 941, 949, 957], 's_11_17_2': [977], 'x_18_2': [1312, 1317, 831, 823, 816, 1584, 1456, 1325, 1333, 1328, 944, 1072, 1200], 's_11_18_2': [955, 827], 'x_6_3': [1448, 1445, 1568, 1440, 1471, 1463, 1455, 1447, 1423, 1431, 1439], 's_6_11_3': [1582, 1574], 'x_8_3': [1428, 1436, 1057, 1185, 1313, 1468, 1460, 1452, 1444, 1711, 1703, 1697, 1569, 1441], 's_8_11_3': [1825], 's_10_11_3': [1266, 1270], 'x_14_3': [1783, 1781, 1527, 1776, 1648, 1520], 's_11_14_3': [1524], 'x_16_3': [1863, 1856, 1728, 1750, 1707, 1710, 1718, 1739, 1742, 1734, 1726], 's_11_16_3': [1835], 'x_17_3': [1579, 1613, 1583, 1609, 1615, 1621, 1458, 1586, 1591, 1599, 1607], 's_11_17_3': [1581, 1589], 'x_18_3': [1202, 1212, 1211, 1205, 1213, 1221, 1229, 1992, 1864, 1736, 1608, 1480, 1352, 1224], 's_11_18_3': [1995, 1999], 'x_1_1': [1339, 1304, 1335, 1343, 1305, 1311, 1319, 1327], 's_1_12_1': [1341], 'x_4_1': [1880, 1886, 1889, 1894], 's_4_12_1': [1892], 's_8_12_1': [1857], 'x_9_1': [1724, 1678, 1675, 1716, 1708, 1700, 1676, 1684, 1714, 1692], 's_9_12_1': [1727, 1719], 's_12_16_1': [1858], 's_12_18_1': [1469], 't_12': [1080, 1085], 'x_1_2': [1322, 1166, 1174, 1182, 1066, 1194, 1198, 1190], 's_1_12_2': [938], 'x_4_2': [1885, 1881, 1753, 1625, 1629, 1377, 1505, 1633, 1637], 's_4_12_2': [1497, 1369], 's_8_12_2': [912], 'x_9_2': [1175, 1167, 1159, 1543, 1669, 1668, 1027, 1155, 1667, 1539, 1411, 1283], 's_9_12_2': [1559, 1551], 's_12_16_2': [1425, 1553], 's_12_18_2': [824], 'x_1_3': [1434, 1306, 925, 922, 1183, 1178, 1050], 's_1_12_3': [921], 'x_4_3': [1871, 1895, 1887, 1879], 's_4_12_3': [1873], 's_8_12_3': [929], 'x_9_3': [908, 1679, 1672, 1544, 1416, 1041, 1037, 1029, 1045, 1024, 1420, 1412, 1032, 1408, 904, 1280, 1152], 's_9_12_3': [913], 's_12_16_3': [1720, 1592], 's_12_18_3': [1870], 's_2_6_1': [1095], 's_2_5_1': [1109], 's_2_8_1': [1217], 's_2_18_1': [1348], 't_2': [1349], 's_2_6_2': [1292], 's_2_5_2': [1358], 's_2_8_2': [1299], 's_2_18_2': [1323], 's_2_6_3': [1479], 's_2_5_3': [1483], 's_2_8_3': [1476], 's_2_18_3': [1485], 's_5_10_1': [870, 862], 's_4_5_1': [1891, 1763], 's_5_14_1': [1774], 't_5': [1383], 's_5_10_2': [1125], 's_4_5_2': [1381], 's_5_14_2': [1384], 's_5_10_3': [1246, 1254], 's_4_5_3': [1890, 1893], 's_5_14_3': [1519], 's_1_10_1': [1049, 1177], 's_8_10_1': [1694], 's_9_10_1': [1696], 'x_15_1': [999, 1007, 1017, 1016, 1023, 994, 1015], 's_10_15_1': [877, 885, 881, 1009], 't_10': [1048], 's_1_10_2': [1163], 's_8_10_2': [1047], 's_9_10_2': [1031], 'x_15_2': [1010, 1138, 1150, 1142], 's_10_15_2': [1139], 's_1_10_3': [1043, 917, 915], 's_8_10_3': [1075, 1459, 1331, 1203], 's_9_10_3': [1038, 1030], 'x_15_3': [1148, 1400, 1144, 1272], 's_10_15_3': [1273, 1278], 's_1_6_1': [1433], 's_6_9_1': [1670], 'x_13_1': [1169, 1172, 1180, 795, 923, 1051, 1307, 1179], 's_6_13_1': [1435], 's_6_17_1': [817], 't_6': [1419], 's_1_6_2': [1160], 's_6_9_2': [1413], 'x_13_2': [807, 1053, 1061, 1184, 800, 928, 1056], 's_6_13_2': [1058, 930], 's_6_17_2': [809], 's_1_6_3': [1437], 's_6_9_3': [1415], 'x_13_3': [1181, 1197, 1442, 1314, 1186, 1189], 's_6_13_3': [1446], 's_6_17_3': [1575], 's_8_9_1': [1683], 's_8_16_1': [1605], 't_8': [1573, 1561, 1565], 's_8_9_2': [1549, 1541], 's_8_16_2': [1558, 1550, 1546], 's_8_9_3': [1695, 1687], 's_8_16_3': [1705], 'x_7_1': [2027, 1396, 1897, 1902, 1388, 1899, 1771, 1643, 1515, 1387], 's_7_14_1': [1910], 'x_19_1': [1531, 1406, 1019, 1147, 1275, 1403], 's_14_19_1': [1659], 't_14': [1521], 'x_7_2': [1391, 1646, 1769, 1641, 1385, 1513], 's_7_14_2': [1640], 'x_19_2': [1149, 1530, 1532, 1146, 1402, 1274], 's_14_19_2': [1528], 'x_7_3': [1770, 1617, 1745, 1748, 1773, 1765, 1762, 1764, 1756], 's_7_14_3': [1775], 'x_19_3': [1529, 1401, 1405, 1392, 1397], 's_14_19_3': [1535], 's_16_18_1': [1978], 's_4_16_1': [2008], 's_7_16_1': [2025], 's_16_17_1': [1845], 't_16': [1600], 's_16_18_2': [1587, 1590], 's_4_16_2': [1634], 's_7_16_2': [1642], 's_16_17_2': [1578, 1450], 's_16_18_3': [1743], 's_4_16_3': [1867], 's_7_16_3': [1740], 's_16_17_3': [1737], 's_7_17_1': [1393], 't_17': [1462, 1454], 's_7_17_2': [1386], 's_7_17_3': [1623], 's_13_18_1': [1297], 't_18': [1330], 's_13_18_2': [815], 's_13_18_3': [1192, 1196, 1204], 's_1_13_1': [1309], 't_1': [1176], 's_1_13_2': [1069], 's_1_13_3': [1191], 't_4': [1882], 't_9': [1677], 's_15_19_1': [1020], 't_15': [1145], 's_15_19_2': [1141], 's_15_19_3': [1407], 't_13': [1188], 't_7': [1772], 't_19': [1404]}",0.000701834862385321,0.0018094048181124182,0.001,,,,,2.0,1.0
22,l,1,"{'x_0_1': [356, 348, 340, 205, 201, 305, 585, 457, 284, 713, 300, 308, 329, 332, 292, 316, 324], 'x_3_1': [1007, 355, 483, 611, 1015, 1008, 880, 752, 624, 631, 615, 623], 's_0_3_1': [227, 229, 221, 213], 'x_11_1': [693, 561, 689, 1514, 1386, 1258, 1002, 1005, 997, 995, 867, 739, 743, 720, 735, 727, 687, 695, 703, 711, 1130, 719], 's_0_11_1': [433], 'x_12_1': [1181, 1115, 1243, 1371, 1499, 1501, 1493, 1485, 1477, 1469, 1461, 1453, 1445, 1437, 1435, 1307, 1179, 1051, 923, 795, 667, 539, 411, 283], 's_0_12_1': [285, 280], 't_0': [333, 341], 'x_0_2': [1474, 330, 458, 1478, 586, 714, 842, 970, 1486, 1482, 1354, 1226, 590, 1098], 'x_0_3': [564, 569, 338, 466, 594, 612, 604, 572, 580, 588, 596], 'x_3_2': [1012, 1004, 1491, 1487, 1495, 1503, 1498, 1370, 996, 988, 986, 1114, 1242], 's_0_3_2': [1480], 'x_11_2': [1859, 553, 1183, 1731, 681, 809, 1191, 1610, 1199, 937, 1065, 1193, 1321, 1449, 1738, 1741, 1733, 1725, 1717, 1577, 1705, 1709], 's_0_11_2': [1730, 1602], 'x_12_2': [1066, 1194, 1229, 1221, 1213, 1585, 1463, 1457, 1329, 1201, 1189, 1197, 1205], 's_0_12_2': [1462, 1470], 'x_3_3': [994, 610, 738, 866], 's_0_3_3': [614, 609], 'x_11_3': [831, 823, 435, 691, 819, 947, 1075, 1078, 1818, 1690, 1434, 1306, 1178, 563, 1050, 1562, 1054, 307, 1062, 1070], 's_0_11_3': [825, 697], 'x_12_3': [942, 950, 314, 664, 668, 676, 684, 1210, 692, 1082, 700, 442, 573, 570, 958, 954, 826, 698], 's_0_12_3': [571], 'x_2_1': [849, 853, 861, 884, 874, 876, 868, 860, 858], 's_2_3_1': [885, 881], 'x_5_1': [873, 1001, 1129, 1257, 1519, 1513, 1385], 's_3_5_1': [617, 745], 'x_10_1': [1136, 1376, 1381, 1137, 1507, 1379, 1141, 1133, 1125, 1254, 1251, 1123], 's_3_10_1': [1009], 't_3': [993, 999], 'x_2_2': [1601, 848, 855, 1481, 1484, 847, 839, 833, 961, 1089, 1452, 1460, 1468, 1476, 1473, 1345, 1217], 's_2_3_2': [1492], 'x_5_2': [1497, 1641, 1607, 1615, 1623, 1881, 1753, 1655, 1625, 1647, 1639, 1631], 's_3_5_2': [1619], 'x_10_2': [1632, 1617, 1355, 1483, 1635, 1636, 1628, 1620, 1593, 1596, 1604, 1611, 1612], 's_3_10_2': [1626], 'x_2_3': [869, 864, 736, 608, 480, 484, 476, 846, 840, 712, 584, 456, 460, 468], 's_2_3_3': [482], 'x_5_3': [1663, 637, 1658, 1530, 1525, 1533, 632, 760, 870, 878, 886, 894, 1528, 1400, 1272, 1144, 1016, 888], 's_3_5_3': [865, 871], 'x_10_3': [1122, 1080, 1522, 1081, 1126, 1118, 1110, 1526, 1518, 1510, 1502, 1494, 1489, 1077, 1085, 1093, 1101, 1109, 1105, 1233, 1361], 's_3_10_3': [998, 1120, 992], 'x_6_1': [1249, 683, 1244, 1252, 1260, 1259, 1131, 875, 747, 1003, 742, 734, 726, 682, 750, 686, 694, 702, 710, 718], 's_6_11_1': [705], 'x_8_1': [982, 722, 983, 850, 978, 1106, 1253, 1238, 1245, 1237, 1234], 's_8_11_1': [1261], 's_10_11_1': [1262], 'x_14_1': [1892, 1889, 1761, 1516, 1508, 1505, 1633], 's_11_14_1': [1509, 1517], 'x_16_1': [471, 479, 477, 474, 602, 607, 1752, 1624, 1496, 1368, 1240, 600, 728, 856, 984, 1112], 's_11_16_1': [725, 733], 'x_17_1': [1699, 1443, 1315, 1187, 1059, 931, 803, 685, 677, 675, 547, 478, 470, 462, 1571, 454, 446, 438, 430, 422, 419], 's_11_17_1': [679], 'x_18_1': [321, 987, 859, 731, 603, 475, 347, 302, 310, 318, 326, 334, 342, 350], 's_11_18_1': [724, 732], 't_11': [565, 557], 'x_6_2': [1466, 1310, 1318, 811, 939, 1067, 1195, 1338, 1342, 1334, 1326, 1325, 815, 1323], 's_6_11_2': [1071], 'x_8_2': [966, 1573, 1230, 1222, 963, 1091, 1219, 1347, 1475, 1581, 1589, 1597, 1605, 1603], 's_8_11_2': [1578, 1583], 's_10_11_2': [1721], 'x_14_2': [1893, 1885, 1877, 1857, 1869, 1861], 's_11_14_2': [1866], 'x_16_2': [592, 1574, 599, 591, 567, 559, 551, 544, 1572, 575, 1568, 1440, 1580, 1312, 1184, 1056, 928, 583, 800, 672], 's_11_16_2': [1190, 1186], 'x_17_2': [921, 1060, 1052, 1049, 1188, 1180, 1561, 1057, 1433, 1305, 1177], 's_11_17_2': [1185], 'x_18_2': [301, 1324, 1448, 296, 424, 552, 680, 1320, 1192, 1064, 936, 808], 's_11_18_2': [940], 'x_6_3': [946, 818, 962, 814, 822, 706, 834, 838, 830], 's_6_11_3': [949], 'x_8_3': [841, 969, 975, 824, 952, 959, 967], 's_8_11_3': [951], 's_10_11_3': [1073], 'x_14_3': [1786, 1914, 1918, 1910, 1822, 1830, 1838, 1846, 1854, 1862, 1870, 1878, 1816, 1886, 1894, 1902], 's_11_14_3': [1823, 1831], 'x_16_3': [469, 461, 453, 451, 794, 579, 792, 796, 804, 820, 828, 836, 812, 835, 707], 's_11_16_3': [816], 'x_17_3': [932, 821, 813, 805, 801, 929], 's_11_17_3': [817], 'x_18_3': [463, 455, 303, 450, 322, 311, 319, 327], 's_11_18_3': [309, 306], 'x_1_1': [1241, 1113, 1096, 1100, 1108, 1124, 1116], 's_1_12_1': [1117], 'x_4_1': [1119, 1127, 1135, 616, 744, 872, 1000, 1384, 1256, 1128], 's_4_12_1': [1382, 1374, 1390, 1369, 1372], 's_8_12_1': [1246], 'x_9_1': [1231, 972, 980, 1104, 1367, 1360, 1255, 976, 1247, 1239, 1232], 's_9_12_1': [1488], 's_12_16_1': [1500], 's_12_18_1': [286, 294], 't_12': [925, 933, 941, 938], 'x_1_2': [1208, 1203, 1196, 1224, 1218, 1204, 1227, 1228, 1212, 1220], 's_1_12_2': [1200], 'x_4_2': [1582, 627, 755, 1590, 1598, 1606, 1614, 1622, 1618, 1621, 1629, 1637, 1634, 1506, 1378, 1380, 1388, 1396, 1395, 1267, 1139, 1011, 883], 's_4_12_2': [1587, 1459], 's_8_12_2': [1225], 'x_9_2': [1209, 1359, 1351, 1341, 1337, 1339, 1343], 's_9_12_2': [1467, 1471], 's_12_16_2': [1588], 's_12_18_2': [1455], 'x_1_3': [1102, 1094, 1076, 1084, 1090, 1092], 's_1_12_3': [1086], 'x_4_3': [581, 589, 597, 629, 621, 613, 626, 605], 's_4_12_3': [578, 582, 574], 's_8_12_3': [696], 'x_9_3': [1211, 1083, 955, 956, 964], 's_9_12_3': [953], 's_12_16_3': [666], 's_12_18_3': [447], 's_2_6_1': [746], 's_2_5_1': [877], 's_2_8_1': [852], 's_2_18_1': [862], 't_2': [854], 's_2_6_2': [1451], 's_2_5_2': [1609], 's_2_8_2': [1458, 1586], 's_2_18_2': [1454, 1450], 's_2_6_3': [717, 709], 's_2_5_3': [764, 756, 748, 740, 737], 's_2_8_3': [971, 843, 844], 's_2_18_3': [335, 328], 's_5_10_1': [1511], 's_4_5_1': [1512], 's_5_14_1': [1515], 't_5': [1527, 1651, 1523], 's_5_10_2': [1592, 1599], 's_4_5_2': [1608], 's_5_14_2': [1882, 1884], 's_5_10_3': [1534], 's_4_5_3': [636, 628], 's_5_14_3': [1912, 1784, 1656], 's_1_10_1': [1121], 's_8_10_1': [1250], 's_9_10_1': [1248], 'x_15_1': [1265, 1397, 1774, 1782, 1777, 1649, 1393, 1521], 's_10_15_1': [1389], 't_10': [1504], 's_1_10_2': [1357, 1352], 's_8_10_2': [1613], 's_9_10_2': [1465], 'x_15_2': [1654, 1638, 1643, 1646], 's_10_15_2': [1627, 1630], 's_1_10_3': [1072], 's_8_10_3': [1097], 's_9_10_3': [1087], 'x_15_3': [1648, 1650, 1653], 's_10_15_3': [1520], 's_1_6_1': [1132], 's_6_9_1': [1263], 'x_13_1': [989, 1356, 1366, 1363, 1235, 1364, 973, 723, 851, 981, 979, 1107], 's_6_13_1': [1236], 's_6_17_1': [678], 't_6': [810], 's_1_6_2': [1336], 's_6_9_2': [1333], 'x_13_2': [1332, 1340, 1346, 1348], 's_6_13_2': [1328], 's_6_17_2': [1309, 1317, 1314], 's_1_6_3': [1074], 's_6_9_3': [827], 'x_13_3': [1344, 1216, 1088, 448, 576, 704, 832, 965, 960], 's_6_13_3': [708], 's_6_17_3': [806], 's_8_9_1': [1362], 's_8_16_1': [991], 't_8': [974], 's_8_9_2': [1349], 's_8_16_2': [1576], 's_8_9_3': [957], 's_8_16_3': [829, 837], 'x_7_1': [1724, 1716, 1764, 1700, 1748, 1696, 1692, 1740, 1708, 1756, 1732], 's_7_14_1': [1766, 1762], 'x_19_1': [1767, 1897, 1775, 1769], 's_14_19_1': [1900], 't_14': [1888], 'x_7_2': [1853, 1845, 1837, 1829, 1821, 1566, 1563, 1691, 1819], 's_7_14_2': [1860, 1852, 1820, 1828, 1836, 1844], 'x_19_2': [1901, 1640, 1896, 1768], 's_14_19_2': [1890, 1895, 1903], 'x_7_3': [920, 1048, 1176, 1695, 924, 1688, 1560, 1432, 1304], 's_7_14_3': [1817, 1689], 'x_19_3': [1904, 1773, 1781, 1780, 1776], 's_14_19_3': [1913, 1785, 1788], 's_16_18_1': [346], 's_4_16_1': [1391, 1375, 1383], 's_7_16_1': [1755, 1759], 's_16_17_1': [473, 601], 't_16': [464], 's_16_18_2': [1316], 's_4_16_2': [1579], 's_7_16_2': [1564], 's_16_17_2': [1311, 1319], 's_16_18_3': [323, 325], 's_4_16_3': [577, 449], 's_7_16_3': [922], 's_16_17_3': [797], 's_7_17_1': [1697, 1701], 't_17': [934, 926], 's_7_17_2': [1567], 's_7_17_3': [927, 935], 's_13_18_1': [595, 467, 339], 't_18': [299], 's_13_18_2': [1327, 1330, 1335], 's_13_18_3': [452], 's_1_13_1': [968], 't_1': [1099], 's_1_13_2': [1331], 's_1_13_3': [1095], 't_4': [630, 622], 't_9': [1215, 1223], 's_15_19_1': [1771], 't_15': [1652, 1644], 's_15_19_2': [1645], 's_15_19_3': [1778], 't_13': [1350, 1358], 't_7': [1694, 1702], 't_19': [1772]}",0.0006880733944954128,0.0017132889355030367,0.001,,,,,2.0,2.0
23,l,1,"{'x_0_1': [1495, 1454, 1462, 1470, 1490, 1494, 1486, 1478], 'x_3_1': [290, 788, 1582, 1579, 278, 272, 400, 528, 656, 286, 784, 912, 1451, 1453, 1429, 1445, 1424, 1296, 294, 1168, 1437, 1040], 's_0_3_1': [1450], 'x_11_1': [1620, 491, 1488, 1360, 1232, 1104, 1111, 1119, 619, 1256, 621, 1616, 623, 616, 744, 872, 1000, 1128, 1135, 1127], 's_0_11_1': [1493], 'x_12_1': [1081, 567, 445, 441, 1503, 1497, 1369, 1241, 1113, 985, 857, 729, 601, 953, 825, 697, 569, 575, 583, 591, 599, 607], 's_0_12_1': [1502], 't_0': [1481], 'x_0_2': [1596, 1594, 1484, 1476, 1466, 1468, 1460], 'x_0_3': [1472, 1461, 1480, 1485, 1477, 1469], 'x_3_2': [1556, 1564, 1452, 1444, 1580, 1572, 1441, 1569], 's_0_3_2': [1588], 'x_11_2': [1873, 1745, 1617, 1489, 1361, 1338, 1210, 1082, 472, 600, 728, 984, 1233, 1112, 1148, 1140, 1132, 1147, 856, 1124, 1116, 1084, 1092, 1100, 1108, 1105], 's_0_11_2': [1492], 'x_12_2': [1720, 1592, 1464, 949, 1336, 957, 824, 952, 1080, 1208], 's_0_12_2': [1598], 'x_3_3': [1209, 1593, 1487, 1447, 1337, 1455, 1463, 1479, 1465, 1471], 's_0_3_3': [1467], 'x_11_3': [1244, 1236, 1228, 844, 968, 840, 1357, 1102, 1096, 1352, 1224], 's_0_11_3': [1349, 1344], 'x_12_3': [699, 827, 1473, 1345, 1217, 1220, 959, 955, 1083, 1211, 1204, 1212], 's_0_12_3': [1201, 1329, 1457], 'x_2_1': [1521, 1393, 1265, 1137, 1009, 881, 753, 625, 628, 620, 612, 604, 596, 588, 285, 293, 301, 309, 317, 325, 323, 451, 579, 580], 's_2_3_1': [283], 'x_5_1': [1524, 1642, 1520, 1648, 1653, 1645, 1581, 1589, 1597, 1605, 1621, 1629, 1613, 1635, 1637], 's_3_5_1': [1576], 'x_10_1': [1774, 1766, 1758, 796, 795, 923, 1618, 1051, 1179, 1307, 1435, 1563, 1691, 1694, 1702, 1710, 1718, 1746, 1750, 1742, 1734, 1726], 's_3_10_1': [1707], 't_3': [1443], 'x_2_2': [1557, 316, 308, 282, 1553, 1425, 1169, 1041, 913, 785, 657, 529, 401, 273, 1297, 300, 292, 284, 276], 's_2_3_2': [1428, 1436], 'x_5_2': [1791, 1783, 1565, 1767, 1759, 1751, 1743, 1737, 1865, 1868, 1860, 1852, 1844, 1836, 1828, 1824, 1696, 1568, 1775, 1573], 's_3_5_2': [1440], 'x_10_2': [1722, 1850, 1886, 1878, 1870, 1862, 1826, 1698, 1058, 1186, 1854, 1846, 1325, 1838, 1317, 1314, 1442, 1830, 1570], 's_3_10_2': [1446], 'x_2_3': [1090, 1474, 1346, 1218, 1223, 1231, 1239, 1234, 1106, 978, 850, 853, 322, 450, 578, 706, 324, 834, 837, 845], 's_2_3_3': [1215], 'x_5_3': [1761, 1367, 1359, 1355, 1633, 1639, 1623, 1362, 1631, 1483, 1614, 1607, 1615, 1611], 's_3_5_3': [1599], 'x_10_3': [1333, 1205, 1875, 1203, 1331, 1332, 1340, 1348, 1356, 1747, 1619, 1491, 1363, 1364], 's_3_10_3': [1324, 1321, 1449], 'x_6_1': [562, 574, 622, 614, 606, 598, 449, 566, 577, 590, 582], 's_6_11_1': [618], 'x_8_1': [492, 484, 1176, 1048, 920, 664, 536, 408, 412, 420, 428, 436, 792, 476, 468, 460, 452, 444], 's_8_11_1': [488], 's_10_11_1': [1744], 'x_14_1': [1276, 1268, 1260, 1261, 1514, 1386, 1258], 's_11_14_1': [1262], 'x_16_1': [499, 1115, 1142, 627, 755, 1523, 1395, 500, 1139, 1011, 731, 859, 987, 990, 883, 998, 1267, 1006, 1651, 1014], 's_11_16_1': [631], 'x_17_1': [855, 887, 879, 863, 610, 738, 866, 871], 's_11_17_1': [615], 'x_18_1': [750, 742, 734, 726, 568, 696, 702, 572, 710, 718], 's_11_18_1': [747], 't_11': [1110], 'x_6_2': [487, 479, 471, 407, 415, 463, 455, 416, 423, 431, 439, 447], 's_6_11_2': [474, 478], 'x_8_2': [1302, 1310, 1328, 1339, 1304, 1177, 1305, 1343, 1335, 1066, 1194, 1322, 1311, 1319, 1327], 's_8_11_2': [1068, 1076], 's_10_11_2': [1872, 2000, 2001, 2006], 'x_14_2': [1784, 1656, 1277, 1144, 1528, 1272, 1400], 's_11_14_2': [1150], 'x_16_2': [715, 843, 1125, 847, 842, 970, 1354, 1342, 1350, 1358, 1098, 1366, 1374, 1382, 1226, 1134, 1379, 1251, 1123, 1126], 's_11_16_2': [1118], 'x_17_2': [481, 609, 737, 868, 860, 1121, 993, 865], 's_11_17_2': [740, 732], 'x_18_2': [954, 826, 661, 669, 677, 685, 717, 709, 701, 698, 693], 's_11_18_2': [725, 733], 'x_6_3': [921, 793, 665, 537, 409, 414, 422, 430, 925, 438, 933, 446, 454, 841, 713, 585, 462, 457], 's_6_11_3': [716, 712], 'x_8_3': [1178, 1089, 1182, 1190, 1198, 1206, 1094, 1086, 1078, 1072, 1200], 's_8_11_3': [1101, 1093], 's_10_11_3': [1365], 'x_14_3': [1252, 1632, 1504, 1376, 1279, 1271, 1263, 1255, 1248], 's_11_14_3': [1253, 1229, 1237, 1245], 'x_16_3': [971, 1214, 1109, 974, 1246, 1219, 1222, 1230, 982, 979, 1107, 1235, 1238], 's_11_16_3': [1243], 'x_17_3': [846, 981, 854, 977, 852, 849], 's_11_17_3': [973], 'x_18_3': [972, 964, 684, 692, 700, 961, 833, 705, 708], 's_11_18_3': [836], 'x_1_1': [690, 559, 667, 671, 815, 675, 679, 809, 681, 555, 683, 695, 687], 's_1_12_1': [703], 'x_4_1': [1625, 1649, 1752, 1624, 1654, 1630, 1638, 1646], 's_4_12_1': [1496], 's_8_12_1': [442], 'x_9_1': [560, 688, 816, 822, 794, 798, 806, 814], 's_9_12_1': [437, 432], 's_12_16_1': [991], 's_12_18_1': [571], 't_12': [1085], 'x_1_2': [941, 1191, 1199, 1192, 429, 813, 424, 552, 680, 812, 808, 1064, 936], 's_1_12_2': [829, 821], 'x_4_2': [1507, 1508, 1500, 1499, 1627, 1755, 1724, 1732, 1740, 1756, 1748], 's_4_12_2': [1727, 1721], 's_8_12_2': [1341], 'x_9_2': [531, 659, 787, 915, 1043, 1045, 817, 945, 1073, 1077, 1069, 403, 1061, 1053], 's_9_12_2': [820, 828], 's_12_16_2': [839, 831], 's_12_18_2': [830], 'x_1_3': [435, 563, 691, 951, 1075, 947, 938, 1071, 950, 819, 934, 1193, 1065, 942, 937], 's_1_12_3': [958], 'x_4_3': [1626, 1351, 1754, 1498, 1757, 1749, 1741, 1604, 1347, 1603, 1731, 1475, 1733], 's_4_12_3': [1601], 's_8_12_3': [1196, 1195], 'x_9_3': [928, 818, 811, 939, 932, 940, 1202, 1074, 946, 948], 's_9_12_3': [956], 's_12_16_3': [1213, 1221], 's_12_18_3': [967, 960], 's_2_6_1': [576], 's_2_5_1': [1527], 's_2_8_1': [280], 's_2_18_1': [758], 't_2': [326, 318, 299, 302, 310], 's_2_6_2': [288], 's_2_5_2': [1430, 1438, 1432, 1560], 's_2_8_2': [1303], 's_2_18_2': [658, 662], 's_2_6_3': [332, 329], 's_2_5_3': [1602], 's_2_8_3': [1095], 's_2_18_3': [965, 962], 's_5_10_1': [1763], 's_4_5_1': [1652], 's_5_14_1': [1264, 1392], 't_5': [1609], 's_5_10_2': [1841], 's_4_5_2': [1753], 's_5_14_2': [1786, 1658, 1406, 1402, 1530], 's_5_10_3': [1622], 's_4_5_3': [1606], 's_5_14_3': [1636], 's_1_10_1': [799, 807, 803], 's_8_10_1': [1180], 's_9_10_1': [797], 'x_15_1': [1512, 1903, 1640, 1896, 1768], 's_10_15_1': [1771, 1772], 't_10': [1874, 1879], 's_1_10_2': [1062, 1070], 's_8_10_2': [1320], 's_9_10_2': [1060, 1056], 'x_15_2': [1880, 2008, 1910, 1906, 2034, 2039, 2010, 2025, 2016, 2024, 2015, 2023, 2031], 's_10_15_2': [1882], 's_1_10_3': [1197], 's_8_10_3': [1207], 's_9_10_3': [1330], 'x_15_3': [1876, 1884, 1888, 1900, 1892], 's_10_15_3': [1877, 1885, 1893], 's_1_6_1': [558], 's_6_9_1': [564], 'x_13_1': [581, 573, 549, 557, 565], 's_6_13_1': [561], 's_6_17_1': [613, 608], 't_6': [586, 458], 's_1_6_2': [427], 's_6_9_2': [402, 406], 'x_13_2': [802, 550, 804, 544, 672, 800], 's_6_13_2': [419, 547], 's_6_17_2': [482, 486], 's_1_6_3': [931], 's_6_9_3': [924], 'x_13_3': [426, 554, 682, 686, 1057, 545, 678, 929, 801, 673], 's_6_13_3': [927, 935], 's_6_17_3': [719, 721, 727], 's_8_9_1': [922, 1050, 1054], 's_8_16_1': [603, 475], 't_8': [1183], 's_8_9_2': [1049], 's_8_16_2': [1334, 1326], 's_8_9_3': [1079], 's_8_16_3': [1091], 'x_7_1': [1013, 1266, 882, 1010, 1138], 's_7_14_1': [1269], 'x_19_1': [1509, 1515, 1517], 's_14_19_1': [1516], 't_14': [1275], 'x_7_2': [1016, 1023, 995, 999, 1007, 1015], 's_7_14_2': [1149, 1018, 1146], 'x_19_2': [1533, 1777, 1765, 1778, 1526, 1781, 1525, 1773, 1522, 1650], 's_14_19_2': [1534], 'x_7_3': [1120, 992, 1012, 1004, 980, 988, 996], 's_7_14_3': [1250, 994, 1122], 'x_19_3': [1510, 1890, 1762, 1506, 1634], 's_14_19_3': [1511], 's_16_18_1': [735, 743, 751, 746], 's_4_16_1': [1655], 's_7_16_1': [1398, 1394], 's_16_17_1': [875, 1003], 't_16': [1117], 's_16_18_2': [714], 's_4_16_2': [1383, 1375, 1371], 's_7_16_2': [1129, 1001], 's_16_17_2': [1130, 876, 874, 1002], 's_16_18_3': [966], 's_4_16_3': [1242, 1370], 's_7_16_3': [976], 's_16_17_3': [851], 's_7_17_1': [880, 884], 't_17': [870, 862], 's_7_17_2': [997], 's_7_17_3': [986, 989], 's_13_18_1': [570], 't_18': [704], 's_13_18_2': [674], 's_13_18_3': [676], 's_1_13_1': [553], 't_1': [810], 's_1_13_2': [805], 's_1_13_3': [1063], 't_4': [1628], 't_9': [823], 's_15_19_1': [1519], 't_15': [1897], 's_15_19_2': [1905], 's_15_19_3': [1894], 't_13': [551, 546], 't_7': [1008], 't_19': [1518]}",0.0006513761467889907,0.0017637361160655182,0.001,,,,,2.0,5.0
24,l,1,"{'x_0_1': [1888, 1760, 1632, 1507, 1511, 741, 614, 608, 736, 1504, 1376, 864, 990, 998, 992, 1120, 1248], 'x_3_1': [861, 1119, 604, 727, 735, 605, 1112, 984, 600, 728, 856], 's_0_3_1': [613], 'x_11_1': [729, 857, 985, 991, 1197, 1715, 1587, 1459, 1331, 1846, 986, 1114, 1242, 1245, 1843, 1237, 1229, 1221, 1213, 1203, 1205], 's_0_11_1': [1253, 1250, 1122, 1127], 'x_12_1': [1893, 1885, 1551, 1877, 1416, 1544, 1672, 1800, 1805, 1813, 1821, 1829, 1869, 1861, 1853, 1845, 1837], 's_0_12_1': [1891, 1763, 1635], 't_0': [733], 'x_0_2': [1367, 725, 721, 849, 982, 977, 1361, 1233, 1105], 'x_0_3': [536, 731, 593, 542, 550, 606, 598, 590, 558, 566, 574, 603, 582], 'x_3_2': [712, 720, 726, 710, 718], 's_0_3_2': [722], 'x_11_2': [1711, 1838, 1834, 1321, 1706, 1578, 1450, 1322, 1325, 1365, 1357, 1349, 1341, 1333], 's_0_11_2': [1360, 1366], 'x_12_2': [1415, 1410, 1538, 1354, 1540, 1547, 1548, 1556, 1564, 1572, 1580, 1588, 1596, 1604, 1482, 1610, 1489, 1617, 1620, 1612], 's_0_12_2': [1359], 'x_3_3': [581, 462, 457, 597, 589, 713, 585], 's_0_3_3': [594], 'x_11_3': [1196, 669, 940, 943, 1194, 1066, 554, 677, 685, 938, 810, 682], 's_0_11_3': [664], 'x_12_3': [543, 665, 1411, 1155, 1027, 899, 1283, 775, 1292, 537, 807, 1288, 803, 771, 783, 791, 1284, 799, 793], 's_0_12_3': [539], 'x_2_1': [1719, 1727, 1241, 1226, 1240, 1246, 1238, 1230, 1222, 1214, 1720, 1592, 1464, 1336, 1208], 's_2_3_1': [1113], 'x_5_1': [580, 588, 459, 587, 1227, 1099, 988, 980, 972, 971, 821, 829, 837, 845, 717, 715, 843], 's_3_5_1': [853], 'x_10_1': [1430, 1424, 1296, 1168, 1040, 656, 407, 415, 423, 912, 528, 601, 473, 400, 479, 471, 784, 463, 455, 447, 439, 431], 's_3_10_1': [607], 't_3': [592, 596], 'x_2_2': [1686, 1694, 711, 1702, 1710, 1718, 1726, 1734, 1220, 1729, 1698, 1601, 706, 834, 962, 1090, 1092, 1089, 1217, 1345, 1473], 's_2_3_2': [719], 'x_5_2': [449, 577, 966, 852, 705, 961, 833, 844, 836], 's_3_5_2': [848], 'x_10_2': [1965, 1963, 1835, 1831, 1847, 467, 1839, 595, 723, 851, 469, 979, 1235, 1363, 1491, 1619, 1747, 1875, 1879, 1871, 1107, 1863, 1855], 's_3_10_2': [724], 'x_2_3': [937, 809, 681, 704, 716, 708, 1209, 1081, 953, 825, 676, 684, 692, 700, 697], 's_2_3_3': [576], 'x_5_3': [698, 570, 442, 569, 441, 461, 453, 445], 's_3_5_3': [456], 'x_10_3': [448, 427, 654, 468, 460, 452, 444, 436, 662, 670, 678, 672, 428, 420, 416, 544], 's_3_10_3': [454], 'x_6_1': [1188, 1438, 1446, 1202, 1215, 1207, 1199, 1191, 1568, 1440, 1312, 1184], 's_6_11_1': [1210], 'x_8_1': [1832, 1704, 1714, 1716, 1708, 1700, 1171, 1299, 1427, 1555, 1683, 1684, 1692], 's_8_11_1': [1842], 's_10_11_1': [858, 730, 602, 474, 477], 'x_14_1': [688, 818, 1200, 823, 816, 1078, 1072, 944], 's_11_14_1': [1204], 'x_16_1': [1840, 1968, 1998, 1052, 1049, 1177, 1305, 1433, 1561, 1689, 1817, 1945, 1950, 1958, 1966, 1974, 1982, 1990], 's_11_16_1': [1971], 'x_17_1': [1192, 1064, 1076, 1056, 1060, 1068], 's_11_17_1': [1075], 'x_18_1': [1984, 1607, 1848, 1577, 1705, 1833, 1600, 1728, 1836, 1844, 1852, 1856, 1860], 's_11_18_1': [1854], 't_11': [1193], 'x_6_2': [1941, 1957, 1575, 1933, 1953, 1825, 1697, 1460, 1452, 1444, 1441, 1949, 1569], 's_6_11_2': [1449], 'x_8_2': [1695, 1830, 1822, 1679, 1687, 1814, 1810, 1170, 1298, 1426, 1554, 1824, 1682], 's_8_11_2': [1703], 's_10_11_2': [1962], 'x_14_2': [327, 324, 1094, 967, 1328, 1308, 1316, 1332, 1340, 1348, 1324, 1347, 1219, 323, 451, 579, 707, 835, 963, 1091], 's_11_14_2': [1329], 'x_16_2': [1358, 1057, 1185, 1313, 1350, 1169, 1297, 1302, 1310, 1466, 1338, 1342, 1334, 1326, 1318], 's_11_16_2': [1330], 'x_17_2': [1442, 1058, 1186, 1327, 1319, 1317, 1314], 's_11_17_2': [1320], 'x_18_2': [1474, 1478, 1462, 1470, 1465, 1602, 1337, 1606, 1598, 1593], 's_11_18_2': [1346], 'x_6_3': [1436, 957, 949, 1434, 1306, 1178, 1050, 909, 917, 941, 933, 925, 666, 794, 922], 's_6_11_3': [936], 'x_8_3': [658, 1034, 1037, 1042, 1045, 786, 785, 812, 804, 796, 1043, 915, 787, 780, 788], 's_8_11_3': [661, 657], 's_10_11_3': [686], 'x_14_3': [946, 184, 1080, 951, 959, 952, 824, 312, 440, 568, 696], 's_11_14_3': [948, 945], 'x_16_3': [673, 913, 805, 801, 929, 921, 919, 927, 935], 's_11_16_3': [813], 'x_17_3': [932, 1190, 1187, 931, 1059], 's_11_17_3': [1198], 'x_18_3': [811, 1613, 1732, 1737, 806, 822, 826, 1614, 814, 1609, 1740, 1481, 1353, 1225, 1097, 969, 830, 838, 846, 841], 's_11_18_3': [683], 'x_1_1': [1425, 1545, 1541, 1699, 1571, 1560, 1549, 1573, 1565, 1553, 1557], 's_1_12_1': [1559], 'x_4_1': [1992, 1870, 1864, 1736, 1100, 1608, 1096, 1224, 1352, 1480], 's_4_12_1': [1866], 's_8_12_1': [1811], 'x_9_1': [1420, 1417, 1289, 1180, 1172, 1164, 1161], 's_9_12_1': [1423], 's_12_16_1': [1818, 1820], 's_12_18_1': [1850], 't_12': [1539, 1543], 'x_1_2': [1707, 1712, 1669, 1677, 1685, 1693, 1701, 1585, 1713, 1717, 1709], 's_1_12_2': [1536, 1664], 'x_4_2': [1095, 1101, 1093, 960, 1088, 1216, 1485, 1477, 1472, 1344], 's_4_12_2': [1493], 's_8_12_2': [1675], 'x_9_2': [1418, 1546, 1674, 1823, 1815, 1807, 1930, 1802], 's_9_12_2': [1550], 's_12_16_2': [1594], 's_12_18_2': [1486], 'x_1_3': [1670, 573, 560, 565, 557, 549, 541, 533, 525, 517, 513, 1665, 1537, 901, 1678, 1409, 1281, 1153, 1025, 897, 769, 641], 's_1_12_3': [1414], 'x_4_3': [545, 547, 546, 551, 559, 567, 575, 583, 1098, 970, 842, 714, 586, 591], 's_4_12_3': [675], 's_8_12_3': [776], 'x_9_3': [1421, 1419, 651, 779, 907, 1291, 1163, 1035], 's_9_12_3': [1286, 1294], 's_12_16_3': [797], 's_12_18_3': [798], 's_2_6_1': [1206], 's_2_5_1': [1231], 's_2_8_1': [1724], 's_2_18_1': [1599], 't_2': [1212], 's_2_6_2': [1570], 's_2_5_2': [964], 's_2_8_2': [1826], 's_2_18_2': [1721], 's_2_6_3': [668], 's_2_5_3': [703], 's_2_8_3': [820, 819, 691], 's_2_18_3': [828], 's_5_10_1': [450, 578], 's_4_5_1': [1102], 's_5_14_1': [817], 't_5': [709, 701], 's_5_10_2': [854, 850], 's_4_5_2': [832], 's_5_14_2': [839], 's_5_10_3': [429, 437], 's_4_5_3': [458], 's_5_14_3': [446], 's_1_10_1': [1552], 's_8_10_1': [1303], 's_9_10_1': [1428], 'x_15_1': [425, 310, 297, 298, 302], 's_10_15_1': [435, 307], 't_10': [465], 's_1_10_2': [1841], 's_8_10_2': [1827], 's_9_10_2': [1932, 1940, 1948, 1956, 1964], 'x_15_2': [185, 342, 170, 339, 211, 215, 207, 175, 183, 191, 199], 's_10_15_2': [464, 336], 's_1_10_3': [646], 's_8_10_3': [659], 's_9_10_3': [652, 648], 'x_15_3': [173, 424, 296, 168], 's_10_15_3': [430], 's_1_6_1': [1432], 's_6_9_1': [1189, 1181, 1176], 'x_13_1': [1595, 1576, 1597, 1589, 1574, 1582, 1579, 1581], 's_6_13_1': [1454, 1448], 's_6_17_1': [1074], 't_6': [1437, 1445], 's_1_6_2': [1457], 's_6_9_2': [1935, 1943, 1951, 1959], 'x_13_2': [1455, 1463, 1584, 1456], 's_6_13_2': [1447], 's_6_17_2': [1443, 1315], 's_1_6_3': [538], 's_6_9_3': [911, 904], 'x_13_3': [572, 958, 1453, 571, 699, 827, 955, 1083, 1461, 1469, 1467, 1339, 1211], 's_6_13_3': [954], 's_6_17_3': [1182], 's_8_9_1': [1293, 1301], 's_8_16_1': [1431, 1439], 't_8': [1174, 1166, 1162], 's_8_9_2': [1806], 's_8_16_2': [1173], 's_8_9_3': [1046, 1038], 's_8_16_3': [914], 'x_7_1': [1077, 1048, 1053, 1069, 1061], 's_7_14_1': [1073], 'x_19_1': [690, 309, 306, 434, 562], 's_14_19_1': [694], 't_14': [1086], 'x_7_2': [924, 923, 1051, 1311, 1307, 1179], 's_7_14_2': [1304], 'x_19_2': [308, 316, 187, 315], 's_14_19_2': [319], 'x_7_3': [1067, 939, 950, 926, 934, 942], 's_7_14_3': [947], 'x_19_3': [182, 176, 314, 178, 181, 189, 186], 's_14_19_3': [317], 's_16_18_1': [1961], 's_4_16_1': [1993, 1865], 's_7_16_1': [1055], 's_16_17_1': [1054, 1062], 't_16': [1041, 1044], 's_16_18_2': [1343], 's_4_16_2': [1468, 1476], 's_7_16_2': [1175, 1183], 's_16_17_2': [1323], 's_16_18_3': [800], 's_4_16_3': [802, 674], 's_7_16_3': [918], 's_16_17_3': [930], 's_7_17_1': [1065], 't_17': [1063], 's_7_17_2': [1309], 's_7_17_3': [928], 's_13_18_1': [1583], 't_18': [1605], 's_13_18_2': [1458], 's_13_18_3': [831], 's_1_13_1': [1566], 't_1': [1673], 's_1_13_2': [1590], 's_1_13_3': [564], 't_4': [1103], 't_9': [1290, 1295], 's_15_19_1': [301], 't_15': [169], 's_15_19_2': [188], 's_15_19_3': [174], 't_13': [1451], 't_7': [920], 't_19': [304]}",0.0006834862385321102,0.0017575393404667913,0.001,,,,,5.0,1.0
25,l,1,"{'x_0_1': [580, 588, 597, 589, 586], 'x_3_1': [1527, 1535, 1528, 1400, 1272, 1144, 764, 596, 604, 612, 620, 628, 636, 632, 1016, 888, 760], 's_0_3_1': [593], 'x_11_1': [582, 448, 576, 704, 832, 447, 837, 989, 986, 858, 861, 853, 455, 845], 's_0_11_1': [458, 454, 462], 'x_12_1': [876, 868, 594, 722, 847, 855, 1106, 978, 860, 852, 850], 's_0_12_1': [592, 598], 't_0': [579], 'x_0_2': [1474, 1346, 578, 706, 834, 962, 581, 1218, 1090], 'x_0_3': [575, 583, 591, 623, 615, 607, 599], 'x_3_2': [1229, 1226, 1354, 1221, 1482, 1610, 1612, 1620, 1644, 1008, 1486, 1628, 1136, 1264, 1392, 1636, 1520, 1648, 1652], 's_0_3_2': [1478], 'x_11_2': [695, 703, 829, 1747, 1619, 1491, 1363, 1235, 1108, 570, 698, 826, 954, 1082, 1107, 1084, 824, 1092, 1100], 's_0_11_2': [573], 'x_12_2': [921, 1049, 1177, 1305, 1310, 1318, 1326, 839, 835, 1484, 1220, 1729, 1476, 1732, 1731, 1603, 1475, 1334, 963, 1091, 1219, 1347, 1350, 1342], 's_0_12_2': [1222], 'x_3_3': [1022, 1019, 877, 1021, 1013, 621, 618, 746, 874, 1002, 1005], 's_0_3_3': [619], 'x_11_3': [697, 569, 441, 814, 806, 674, 442, 802, 445, 437, 429, 546, 418, 421], 's_0_11_3': [572, 568], 'x_12_3': [329, 670, 996, 793, 409, 281, 294, 302, 310, 318, 998, 994, 866, 738, 610, 537, 613, 605, 286, 600, 472, 344, 665, 350, 342, 334, 326], 's_0_12_3': [609], 'x_2_1': [1398, 1406, 761, 1509, 1517, 1525, 1533, 1529, 889, 1017, 1145, 1273, 1401], 's_2_3_1': [765], 'x_5_1': [759, 502, 244, 887, 240, 767, 368, 496, 880, 752, 624], 's_3_5_1': [756], 'x_10_1': [638, 859, 731, 630, 622, 614, 461, 469, 477, 473, 716, 724, 732, 729, 606, 601], 's_3_10_1': [603], 't_3': [1012, 1020], 'x_2_2': [1657, 1661, 1744, 1616, 1872, 1653, 1645, 1637, 1597, 1613, 1621, 1605, 1627, 1629], 's_2_3_2': [1635], 'x_5_2': [937, 1609, 1068, 883, 1011, 1139, 1267, 1395, 1523, 1065, 1193, 1321, 1449, 1577, 1583, 1591, 1599, 1607, 1615, 1623, 1631, 1639, 1452, 1647, 1460, 1655, 1651], 's_3_5_2': [1271], 'x_10_2': [1742, 1739, 1611, 503, 495, 487, 479, 471, 463, 459, 587, 715, 1483, 1355, 1227, 1099, 971, 843], 's_3_10_2': [1485], 'x_2_3': [673, 801, 929, 1137, 1265, 1393, 1521, 1649, 1905, 1902, 1894, 1886, 1878, 1870, 1009, 1862, 1777, 1854, 1846, 1838, 1910, 1057, 1185, 1313, 1441, 1569, 1697, 1825, 1830], 's_2_3_3': [1014], 'x_5_3': [235, 882, 363, 365, 885, 373, 369, 881, 753, 625, 497], 's_3_5_3': [629], 'x_10_3': [488, 701, 709, 717, 744, 725, 757, 749, 741, 616, 733], 's_3_10_3': [750], 'x_6_1': [1606, 1614, 1622, 1630, 1625, 1598, 1501, 841, 969, 1097, 1225, 1230, 1238, 1246, 1241, 1369, 1497], 's_6_11_1': [713, 590, 585], 'x_8_1': [894, 886, 878, 867, 846, 854, 862, 870], 's_8_11_1': [851], 's_10_11_1': [453], 'x_14_1': [1095, 246, 238, 214, 206, 1089, 961, 833, 254, 705, 222, 577, 449, 321, 230, 193, 198], 's_11_14_1': [836], 'x_16_1': [872, 1129, 1000, 1128, 985, 1113, 1123, 1104, 1134, 1126, 1118, 1110], 's_11_16_1': [1114], 'x_17_1': [991, 983, 975, 967, 1198, 1194, 1066, 959, 938, 943, 951], 's_11_17_1': [987], 'x_18_1': [997, 1895, 2016, 1888, 1760, 1632, 864, 992, 1120, 1248, 1376, 1504], 's_11_18_1': [869], 't_11': [574], 'x_6_2': [1498, 1499, 1371, 1343, 1351, 1500, 1359, 1367, 1375], 's_6_11_2': [1492], 'x_8_2': [842, 970, 1726, 1849, 1471, 1721, 1593, 1470, 1467, 825, 953, 973, 965, 1465, 957, 1339, 955, 1083, 1211], 's_8_11_2': [831], 's_10_11_2': [1750], 'x_14_2': [812, 190, 182, 178, 306, 434, 1076, 1074, 946, 818, 690, 820, 50, 562], 's_11_14_2': [828], 'x_16_2': [1458, 1733, 1600, 1728, 1101, 1469, 1472, 960, 1093, 1461, 1088, 1216, 1459, 1109, 1477, 1344], 's_11_16_2': [1098], 'x_17_2': [1323, 1325, 1333, 1341, 1085, 1080, 1208, 1195, 1336], 's_11_17_2': [952], 'x_18_2': [1899, 1749, 1897, 1901, 1740, 1869, 1861, 1893, 1885, 1748, 1746, 1874, 1856, 1877], 's_11_18_2': [1751], 'x_6_3': [1396, 930, 1058, 1063, 1056, 1184, 1191, 1388, 1380, 1372, 1368, 1240, 1247, 1239, 1199, 1207, 1215, 932, 1223, 1231], 's_6_11_3': [800, 928], 'x_8_3': [545, 417, 293, 301, 289, 309, 699, 443, 315, 739, 611, 483, 827, 355, 571, 357, 349, 341, 317, 325, 333], 's_8_11_3': [297, 425, 553, 557, 549], 's_10_11_3': [693, 677, 685], 'x_14_3': [313, 185, 232, 247, 195, 184, 191, 199, 207, 239, 231, 223, 215], 's_11_14_3': [440, 312], 'x_16_3': [332, 331, 335, 327, 319, 311, 307, 435, 563, 678, 686, 694, 691, 988, 980, 972, 964, 956, 948, 340, 947, 819], 's_11_16_3': [314], 'x_17_3': [811, 941, 940, 1067, 939], 's_11_17_3': [815, 810], 'x_18_3': [805, 821, 2025, 803, 931, 1059, 1187, 1315, 1443, 1571, 1699, 813, 1827, 2029, 2021, 2013, 2005, 1997, 1989, 1981, 1973, 2018, 1965, 1957, 797, 1955], 's_11_18_3': [807], 'x_1_1': [1243, 1244, 1236, 712, 840, 968, 1096, 1224, 1228], 's_1_12_1': [844], 'x_4_1': [478, 486, 1001, 873, 745, 494, 489, 617], 's_4_12_1': [466, 470], 's_8_12_1': [857], 'x_9_1': [1576, 1448, 1320, 1192, 1064, 936, 808, 680, 1233, 1105, 977, 849, 721, 727, 719, 711, 707, 708, 700, 692, 684], 's_9_12_1': [726], 's_12_16_1': [1111], 's_12_18_1': [863, 871], 't_12': [990, 966, 974, 982], 'x_1_2': [1390, 1382, 1352, 1358, 1366, 1374], 's_1_12_2': [1480], 'x_4_2': [474, 1332, 476, 452, 444, 436, 433, 1457, 1329, 468, 1201, 1073, 945, 460, 817, 689, 561], 's_4_12_2': [1328], 's_8_12_2': [1724], 'x_9_2': [1857, 1863, 1871, 1879, 1873, 1745, 1361, 1479, 1487, 1495, 1489, 1617], 's_9_12_2': [1481], 's_12_16_2': [1730], 's_12_18_2': [1859], 'x_1_3': [1115, 1127, 1006, 1119, 1260, 1387, 1259, 747, 875, 1003, 1131, 1135], 's_1_12_3': [1004], 'x_4_3': [361, 346, 364, 356, 348], 's_4_12_3': [354, 358], 's_8_12_3': [298], 'x_9_3': [736, 1876, 1884, 1892, 1889, 1761, 1633, 735, 743, 737, 865, 993, 1121, 1249, 1377, 1505], 's_9_12_3': [999], 's_12_16_3': [305], 's_12_18_3': [796, 804], 's_2_6_1': [1534, 1526, 1502, 1510, 1518, 1515], 's_2_5_1': [895], 's_2_8_1': [893, 891, 763], 's_2_18_1': [1506, 1511], 't_2': [1532, 1524, 1650, 1522], 's_2_6_2': [1626], 's_2_5_2': [1640], 's_2_8_2': [1595], 's_2_18_2': [1618], 's_2_6_3': [1061], 's_2_5_3': [1015, 1010], 's_2_8_3': [676, 672, 288, 416, 544], 's_2_18_3': [1824, 1696, 1700], 's_5_10_1': [627, 631], 's_4_5_1': [879], 's_5_14_1': [243], 't_5': [884], 's_5_10_2': [1737], 's_4_5_2': [1585], 's_5_14_2': [809], 's_5_10_3': [754], 's_4_5_3': [360], 's_5_14_3': [241], 's_1_10_1': [584, 456], 's_8_10_1': [728, 856], 's_9_10_1': [714], 'x_15_1': [639, 372, 380, 634, 506, 378], 's_10_15_1': [633], 't_10': [723, 595, 467], 's_1_10_2': [1357], 's_8_10_2': [1734], 's_9_10_2': [1867], 'x_15_2': [119, 114, 375, 498, 370, 242], 's_10_15_2': [499, 371], 's_1_10_3': [751], 's_8_10_3': [740, 748], 's_9_10_3': [730], 'x_15_3': [492, 509, 127, 508, 504, 120, 500, 248, 376], 's_10_15_3': [493, 501], 's_1_6_1': [1234], 's_6_9_1': [1594, 1596, 1588, 1580], 'x_13_1': [1256, 1250, 1261, 1245, 1253], 's_6_13_1': [1254], 's_6_17_1': [1322, 1590, 1582, 1578, 1450], 't_6': [1496], 's_1_6_2': [1362], 's_6_9_2': [1503], 'x_13_2': [1773, 1516, 1769, 1257, 1383, 1391, 1385, 1513, 1641], 's_6_13_2': [1508], 's_6_17_2': [1338], 's_1_6_3': [1373, 1381, 1389], 's_6_9_3': [1255], 'x_13_3': [2026, 1898, 1258, 1386, 1514, 1642, 1770], 's_6_13_3': [1384, 1519, 1512], 's_6_17_3': [933], 's_8_9_1': [848, 720], 's_8_16_1': [995], 't_8': [838, 830], 's_8_9_2': [1855], 's_8_16_2': [1725], 's_8_9_3': [742], 's_8_16_3': [330], 'x_7_1': [1196, 1102, 1340, 1337, 1214, 1094, 1086, 1204, 1212, 1209, 1081], 's_7_14_1': [1087], 'x_19_1': [379, 125, 252, 123, 251], 's_14_19_1': [250], 't_14': [180, 188, 196], 'x_7_2': [1335, 1075, 1205, 1331, 1203], 's_7_14_2': [1079], 'x_19_2': [52, 60, 68, 76, 84, 124, 116, 108, 100, 92], 's_14_19_2': [54, 62, 59], 'x_7_3': [942, 950, 822, 181, 183, 1200, 176, 432, 560, 304, 1072, 944, 816, 688], 's_7_14_3': [189], 'x_19_3': [105, 126, 118, 104, 110], 's_14_19_3': [233], 's_16_18_1': [1124, 1116], 's_4_16_1': [1007], 's_7_16_1': [1232, 1360, 1364, 1356, 1348], 's_16_17_1': [976], 't_16': [984, 1112, 1117], 's_16_18_2': [1741], 's_4_16_2': [1462], 's_7_16_2': [1330], 's_16_17_2': [1464], 's_16_18_3': [675], 's_4_16_3': [351, 343], 's_7_16_3': [564], 's_16_17_3': [683], 's_7_17_1': [1206], 't_17': [1077, 1069], 's_7_17_2': [1213], 's_7_17_3': [949], 's_13_18_1': [1125, 1122], 't_18': [1890], 's_13_18_2': [1771], 's_13_18_3': [2028, 2020], 's_1_13_1': [1242], 't_1': [1379, 1252, 1251], 's_1_13_2': [1378], 's_1_13_3': [1263], 't_4': [352, 484, 480], 't_9': [1704, 1832, 1836, 1844, 1852, 1868, 1860], 's_15_19_1': [381], 't_15': [383], 's_15_19_2': [115], 's_15_19_3': [121], 't_13': [1262], 't_7': [1078], 't_19': [122]}",0.0009541284403669724,0.002055209692028749,0.001,,,,,5.0,2.0
26,l,1,"{'x_0_1': [960, 965, 956, 964, 963], 'x_3_1': [1223, 1212, 1220, 1216, 1230, 962, 1090, 1222, 1218], 's_0_3_1': [966], 'x_11_1': [944, 579, 581, 589, 585, 713, 841, 969, 935, 943, 951, 959, 967, 975], 's_0_11_1': [952], 'x_12_1': [998, 993, 865, 807, 815, 823, 831, 835, 1006, 839, 871, 847, 855, 863], 's_0_12_1': [832], 't_0': [953, 958], 'x_0_2': [957, 949, 941, 939, 1707, 1579, 1451, 1323, 1195, 1067], 'x_0_3': [442, 695, 703, 954, 826, 570, 698], 'x_3_2': [1320, 1332, 1372, 1364, 1356, 1324, 1209, 1337, 1340, 1348], 's_0_3_2': [1326], 'x_11_2': [1624, 1585, 1061, 1639, 1631, 1623, 1615, 1607, 1599, 930, 1058, 1186, 1314, 1442, 1570, 1575, 1583, 1591], 's_0_11_2': [933], 'x_12_2': [996, 1004, 1702, 1003, 1131, 1259, 1387, 1515, 1643, 1710, 1718, 1726, 1734, 1742, 1750, 1758, 1766, 1774, 1771], 's_0_12_2': [1704, 1711], 'x_3_3': [701, 1214, 1211, 1083, 955, 827, 319, 315, 443, 571, 699], 's_0_3_3': [574], 'x_11_3': [473, 1056, 928, 800, 544, 485, 477, 469, 461, 672, 453, 445, 437, 429, 421, 416], 's_0_11_3': [679, 687], 'x_12_3': [603, 864, 736, 608, 612, 604, 596, 668, 676, 992, 684, 692, 688, 560, 564, 572, 580, 588], 's_0_12_3': [700], 'x_2_1': [1232, 1082, 848, 1094, 1102, 1086, 976, 1104, 1110], 's_2_3_1': [1210], 'x_5_1': [1178, 1050, 921, 929, 1057, 1049, 1052, 1060, 1093, 1085, 1080, 1084, 1076, 1068], 's_3_5_1': [1208], 'x_10_1': [1241, 1113, 1132, 997, 995, 1123, 1124, 1092, 977, 1105, 1097, 1100, 1108, 1116], 's_3_10_1': [1225], 't_3': [1215], 'x_2_2': [1619, 1107, 1261, 1253, 1245, 1221, 1229, 1491, 1363, 1235, 1237], 's_2_3_2': [1213], 'x_5_2': [1305, 1304, 1503, 1495, 1487, 1479, 1471, 1463, 1311, 1319, 1306, 1327, 1335, 1328, 1456], 's_3_5_2': [1308, 1316], 'x_10_2': [1626, 1255, 1121, 1249, 1377, 1383, 1368, 1498, 1370, 1369, 1375], 's_3_10_2': [1380], 'x_2_3': [1217, 1095, 452, 449, 1103, 577, 709, 1089, 961, 833, 705], 's_2_3_3': [1087], 'x_5_3': [451, 1183, 1176, 1048, 920, 792, 664, 536, 408, 323, 326, 318, 310, 302, 294, 286, 280], 's_3_5_3': [327], 'x_10_3': [324, 332, 340, 348, 356, 354, 482, 1506, 316, 1378, 1250, 1122, 994, 866, 738, 610], 's_3_10_3': [314], 'x_6_1': [465, 867, 599, 881, 886, 878, 870, 862, 590, 598, 593, 721, 849, 854], 's_6_11_1': [597], 'x_8_1': [978, 846, 979, 981, 973, 712, 840, 968], 's_8_11_1': [970], 's_10_11_1': [983], 'x_14_1': [821, 818, 946, 1458, 1330, 1202, 1074], 's_11_14_1': [816], 'x_16_1': [674, 683, 673, 834, 697, 706, 678, 686, 694, 718, 710, 702], 's_11_16_1': [707], 'x_17_1': [558, 591, 583, 555, 559, 567, 575], 's_11_17_1': [576], 'x_18_1': [467, 595, 853, 851, 723, 747, 845, 751, 829, 735, 837, 743, 727], 's_11_18_1': [719], 't_11': [932, 931], 'x_6_2': [885, 1580, 1588, 1604, 1612, 1620, 882, 1636, 1644, 1652, 1628, 1650, 1596, 1522, 1394, 1266, 1138, 1010], 's_6_11_2': [1617], 'x_8_2': [1739, 1613, 1611, 1483, 843, 1099, 1247, 971, 1239, 1231, 1227, 1355], 's_8_11_2': [1608], 's_10_11_2': [1505, 1633], 'x_14_2': [1338, 1457, 1342, 1071, 1079, 1073, 1201, 1334, 1329], 's_11_14_2': [1063], 'x_16_2': [1646, 810, 938, 1066, 1194, 1638, 1578, 1582, 1322, 1590, 1598, 1606, 1614, 1450, 1622, 682, 1630], 's_11_16_2': [1586], 'x_17_2': [1454, 430, 1449, 1321, 1193, 1577, 1069, 1065, 425, 553, 681, 809, 937], 's_11_17_2': [1446], 'x_18_2': [488, 1647, 616, 744, 872, 1000, 1640, 1512, 876, 1384, 1256, 1128], 's_11_18_2': [1635, 1637, 1645], 'x_6_3': [447, 455, 463, 471, 479, 880, 752, 624, 496, 503, 495, 487], 's_6_11_3': [458], 'x_8_3': [714, 335, 331, 732, 724, 716, 717, 459, 587, 715], 's_8_11_3': [729, 601], 's_10_11_3': [345], 'x_14_3': [1184, 1180, 1467, 1339, 1331, 1190, 1341, 1333, 1188, 1185, 1313, 1317, 1325], 's_11_14_3': [1062, 1059, 1187], 'x_16_3': [446, 554, 333, 325, 541, 549, 317, 313, 441, 552, 557, 565, 573, 569], 's_11_16_3': [424], 'x_17_3': [568, 433, 440, 428, 436, 444], 's_11_17_3': [420], 'x_18_3': [602, 474, 502, 494, 486, 454, 462, 470, 478], 's_11_18_3': [481], 'x_1_1': [749, 745, 873, 1021, 1013, 1001, 1005], 's_1_12_1': [879], 'x_4_1': [797, 805, 806, 801], 's_4_12_1': [803], 's_8_12_1': [850], 'x_9_1': [980, 861, 988, 856, 984], 's_9_12_1': [990], 's_12_16_1': [811], 's_12_18_1': [824], 't_12': [1007, 999], 'x_1_2': [760, 888, 1016, 1144, 1252, 1260, 1268, 1276, 1272], 's_1_12_2': [1263, 1258], 'x_4_2': [1694, 1581, 1573, 1565, 799, 1691, 795, 923, 1051, 1179, 1563, 1435, 1307], 's_4_12_2': [1698, 1695, 1703], 's_8_12_2': [1610, 1738], 'x_9_2': [730, 858, 986, 991, 1499, 1371, 1135, 1243, 1127, 1627, 1119, 987, 1115], 's_9_12_2': [1755], 's_12_16_2': [1706], 's_12_18_2': [875], 'x_1_3': [632, 637, 617, 613, 621, 629], 's_1_12_3': [609], 'x_4_3': [538, 671, 794, 666], 's_4_12_3': [667], 's_8_12_3': [586], 'x_9_3': [472, 600, 728, 741, 733], 's_9_12_3': [606], 's_12_16_3': [562], 's_12_18_3': [607], 's_2_6_1': [852], 's_2_5_1': [1081], 's_2_8_1': [982], 's_2_18_1': [720], 't_2': [1111], 's_2_6_2': [1269], 's_2_5_2': [1219, 1475, 1347], 's_2_8_2': [1226], 's_2_18_2': [1238, 1246, 1254, 1262], 's_2_6_3': [450], 's_2_5_3': [321], 's_2_8_3': [708], 's_2_18_3': [448], 's_5_10_1': [1088], 's_4_5_1': [793], 's_5_14_1': [1077], 't_5': [1177], 's_5_10_2': [1496], 's_4_5_2': [1309], 's_5_14_2': [1462], 's_5_10_3': [320], 's_4_5_3': [670], 's_5_14_3': [1182], 's_1_10_1': [1129], 's_8_10_1': [1096], 's_9_10_1': [1112], 'x_15_1': [1106, 1228, 1236, 1366, 1234, 1362, 1490], 's_10_15_1': [1233], 't_10': [1126], 's_1_10_2': [1379, 1251], 's_8_10_2': [1242], 's_9_10_2': [1374], 'x_15_2': [1367, 1354, 1361, 1357, 1365], 's_10_15_2': [1373], 's_1_10_3': [622, 614], 's_8_10_3': [330], 's_9_10_3': [344], 'x_15_3': [1508, 1494, 1497, 1488, 1500, 1489, 1492], 's_10_15_3': [1510, 1502], 's_1_6_1': [1009], 's_6_9_1': [857], 'x_13_1': [742, 750, 753, 758], 's_6_13_1': [739], 's_6_17_1': [584], 't_6': [887], 's_1_6_2': [893], 's_6_9_2': [1625, 1629], 'x_13_2': [1267, 1139, 756, 755, 884, 1011, 883], 's_6_13_2': [1012], 's_6_17_2': [1576, 1448], 's_1_6_3': [611, 483], 's_6_9_3': [476, 475], 'x_13_3': [499, 627, 625, 626, 628], 's_6_13_3': [631], 's_6_17_3': [439], 's_8_9_1': [989], 's_8_16_1': [838], 't_8': [842, 844], 's_8_9_2': [1240, 1244], 's_8_16_2': [1609], 's_8_9_3': [725], 's_8_16_3': [329], 'x_7_1': [693, 945, 561, 689, 817], 's_7_14_1': [822], 'x_19_1': [1352, 1480, 1493, 1461, 1469, 1485, 1477], 's_14_19_1': [1460, 1459], 't_14': [1204, 1196], 'x_7_2': [1070, 940, 820, 812, 808, 942, 1064, 936], 's_7_14_2': [1078], 'x_19_2': [1351, 1349, 1473, 1350, 1345], 's_14_19_2': [1343], 'x_7_3': [950, 1206, 435, 563, 691, 1203, 1075, 947, 819], 's_7_14_3': [1198], 'x_19_3': [1484, 1476, 1470, 1472, 1478], 's_14_19_3': [1468], 's_16_18_1': [825], 's_4_16_1': [802], 's_7_16_1': [690], 's_16_17_1': [578], 't_16': [685, 680], 's_16_18_2': [1641, 1513], 's_4_16_2': [1566, 1574], 's_7_16_2': [813], 's_16_17_2': [1455], 's_16_18_3': [328, 456, 460], 's_4_16_3': [537, 665], 's_7_16_3': [309, 307], 's_16_17_3': [426], 's_7_17_1': [566], 't_17': [427], 's_7_17_2': [814], 's_7_17_3': [438], 's_13_18_1': [737], 't_18': [623, 619, 491], 's_13_18_2': [748], 's_13_18_3': [497], 's_1_13_1': [746], 't_1': [1273, 1145, 633, 761, 1017, 889], 's_1_13_2': [764], 's_1_13_3': [635, 636], 't_4': [798], 't_9': [731, 859], 's_15_19_1': [1224], 't_15': [1360], 's_15_19_2': [1358], 's_15_19_3': [1486], 't_13': [754], 't_7': [948], 't_19': [1474, 1346]}",0.0002431192660550459,0.0010276765121141225,0.001,,,,,5.0,5.0
27,l,1,,,,,,,,,1.0,1.0
28,l,1,,,,,,,,,1.0,2.0
29,l,1,,,,,,,,,1.0,5.0
30,l,1,,,,,,,,,2.0,1.0
31,l,1,,,,,,,,,2.0,2.0
32,l,1,,,,,,,,,2.0,5.0
33,l,1,,,,,,,,,5.0,1.0
34,l,1,,,,,,,,,5.0,2.0
35,l,1,,,,,,,,,5.0,5.0
36,l,1,,,,,,,,,1.0,1.0
37,l,1,,,,,,,,,1.0,2.0
38,l,1,,,,,,,,,1.0,5.0
39,l,1,,,,,,,,,2.0,1.0
40,l,1,,,,,,,,,2.0,2.0
41,l,1,,,,,,,,,2.0,5.0
42,l,1,,,,,,,,,5.0,1.0
43,l,1,,,,,,,,,5.0,2.0
44,l,1,,,,,,,,,5.0,5.0
45,l,1,,,,,,,,,1.0,1.0
46,l,1,,,,,,,,,1.0,2.0
47,l,1,,,,,,,,,1.0,5.0
48,l,1,,,,,,,,,2.0,1.0
49,l,1,,,,,,,,,2.0,2.0
50,l,1,,,,,,,,,2.0,5.0
51,l,1,,,,,,,,,5.0,1.0
52,l,1,,,,,,,,,5.0,2.0
53,l,1,,,,,,,,,5.0,5.0
